timestamp,location_name,latitude,longitude,hour,minute,day_of_week,is_weekend,frc,current_speed,free_flow_speed,current_travel_time,free_flow_travel_time,confidence,road_closure,speed_ratio,travel_time_ratio,congestion_level
2026-04-03T20:10:23.691460+00:00,marienplatz,48.1374,11.5755,20,10,4,0,FRC2,26.0,26.0,84.0,84.0,1.0,0,1.0,1.0,free_flow
2026-04-03T20:10:24.933584+00:00,schwabing,48.1642,11.5811,20,10,4,0,FRC3,26.0,26.0,73.0,73.0,1.0,0,1.0,1.0,free_flow
2026-04-03T20:10:26.071205+00:00,sendlinger_tor,48.1339,11.5668,20,10,4,0,FRC2,24.0,28.0,72.0,62.0,1.0,0,0.8571,1.1613,free_flow
2026-04-03T20:10:27.215785+00:00,a9_north,48.22,11.61,20,10,4,0,FRC0,129.0,129.0,73.0,73.0,1.0,0,1.0,1.0,free_flow
2026-04-03T20:10:28.484416+00:00,a8_east,48.12,11.75,20,10,4,0,FRC4,65.0,65.0,130.0,130.0,1.0,0,1.0,1.0,free_flow
2026-04-03T20:10:29.624266+00:00,pasing,48.1497,11.4617,20,10,4,0,FRC1,38.0,38.0,129.0,129.0,1.0,0,1.0,1.0,free_flow
2026-04-03T20:10:30.774705+00:00,neuperlach,48.0996,11.6302,20,10,4,0,FRC3,23.0,31.0,102.0,75.0,0.983527,0,0.7419,1.36,moderate
2026-04-03T20:10:32.342326+00:00,mittlerer_ring,48.12,11.55,20,10,4,0,FRC2,25.0,25.0,111.0,111.0,1.0,0,1.0,1.0,free_flow
2026-04-03T20:47:23.737081+00:00,marienplatz,48.1374,11.5755,20,47,4,0,FRC2,21.0,25.0,104.0,87.0,1.0,0,0.84,1.1954,moderate
2026-04-03T20:47:24.906914+00:00,schwabing,48.1642,11.5811,20,47,4,0,FRC3,26.0,26.0,73.0,73.0,1.0,0,1.0,1.0,free_flow
2026-04-03T20:47:26.065907+00:00,sendlinger_tor,48.1339,11.5668,20,47,4,0,FRC2,25.0,25.0,69.0,69.0,1.0,0,1.0,1.0,free_flow
2026-04-03T20:47:27.222833+00:00,a9_north,48.22,11.61,20,47,4,0,FRC0,129.0,129.0,73.0,73.0,1.0,0,1.0,1.0,free_flow
2026-04-03T20:47:28.497771+00:00,a8_east,48.12,11.75,20,47,4,0,FRC4,65.0,65.0,130.0,130.0,1.0,0,1.0,1.0,free_flow
2026-04-03T20:47:29.606161+00:00,pasing,48.1497,11.4617,20,47,4,0,FRC1,38.0,38.0,129.0,129.0,1.0,0,1.0,1.0,free_flow
2026-04-03T20:47:30.857659+00:00,neuperlach,48.0996,11.6302,20,47,4,0,FRC3,29.0,29.0,81.0,81.0,1.0,0,1.0,1.0,free_flow
2026-04-03T20:47:32.101472+00:00,mittlerer_ring,48.12,11.55,20,47,4,0,FRC2,25.0,25.0,111.0,111.0,1.0,0,1.0,1.0,free_flow
2026-04-03T21:51:08.794048+00:00,marienplatz,48.1374,11.5755,21,51,4,0,FRC2,26.0,26.0,84.0,84.0,1.0,0,1.0,1.0,free_flow
2026-04-03T21:51:09.260867+00:00,schwabing,48.1642,11.5811,21,51,4,0,FRC3,26.0,26.0,73.0,73.0,1.0,0,1.0,1.0,free_flow
2026-04-03T21:51:09.740652+00:00,sendlinger_tor,48.1339,11.5668,21,51,4,0,FRC2,25.0,25.0,69.0,69.0,1.0,0,1.0,1.0,free_flow
2026-04-03T21:51:10.212906+00:00,a9_north,48.22,11.61,21,51,4,0,FRC0,129.0,129.0,73.0,73.0,1.0,0,1.0,1.0,free_flow
2026-04-03T21:51:10.680525+00:00,a8_east,48.12,11.75,21,51,4,0,FRC4,65.0,65.0,130.0,130.0,1.0,0,1.0,1.0,free_flow
2026-04-03T21:51:11.147774+00:00,pasing,48.1497,11.4617,21,51,4,0,FRC1,38.0,38.0,129.0,129.0,1.0,0,1.0,1.0,free_flow
2026-04-03T21:51:11.619170+00:00,neuperlach,48.0996,11.6302,21,51,4,0,FRC3,29.0,29.0,81.0,81.0,1.0,0,1.0,1.0,free_flow
2026-04-03T21:51:12.091782+00:00,mittlerer_ring,48.12,11.55,21,51,4,0,FRC2,25.0,25.0,111.0,111.0,1.0,0,1.0,1.0,free_flow
2026-04-03T21:51:27.897969+00:00,marienplatz,48.1374,11.5755,21,51,4,0,FRC2,26.0,26.0,84.0,84.0,1.0,0,1.0,1.0,free_flow
2026-04-03T21:51:28.388450+00:00,schwabing,48.1642,11.5811,21,51,4,0,FRC3,26.0,26.0,73.0,73.0,1.0,0,1.0,1.0,free_flow
2026-04-03T21:51:28.860853+00:00,sendlinger_tor,48.1339,11.5668,21,51,4,0,FRC2,25.0,25.0,69.0,69.0,1.0,0,1.0,1.0,free_flow
2026-04-03T21:51:29.326654+00:00,a9_north,48.22,11.61,21,51,4,0,FRC0,129.0,129.0,73.0,73.0,1.0,0,1.0,1.0,free_flow
2026-04-03T21:51:29.813682+00:00,a8_east,48.12,11.75,21,51,4,0,FRC4,65.0,65.0,130.0,130.0,1.0,0,1.0,1.0,free_flow
2026-04-03T21:51:30.283387+00:00,pasing,48.1497,11.4617,21,51,4,0,FRC1,38.0,38.0,129.0,129.0,1.0,0,1.0,1.0,free_flow
2026-04-03T21:51:30.750265+00:00,neuperlach,48.0996,11.6302,21,51,4,0,FRC3,29.0,29.0,81.0,81.0,1.0,0,1.0,1.0,free_flow
2026-04-03T21:51:31.221342+00:00,mittlerer_ring,48.12,11.55,21,51,4,0,FRC2,25.0,25.0,111.0,111.0,1.0,0,1.0,1.0,free_flow
2026-04-03T21:51:53.477152+00:00,marienplatz,48.1374,11.5755,21,51,4,0,FRC2,26.0,26.0,84.0,84.0,1.0,0,1.0,1.0,free_flow
2026-04-03T21:51:54.050671+00:00,schwabing,48.1642,11.5811,21,51,4,0,FRC3,26.0,26.0,73.0,73.0,1.0,0,1.0,1.0,free_flow
2026-04-03T21:51:54.627976+00:00,sendlinger_tor,48.1339,11.5668,21,51,4,0,FRC2,20.0,25.0,87.0,69.0,1.0,0,0.8,1.2609,moderate
2026-04-03T21:51:55.203912+00:00,a9_north,48.22,11.61,21,51,4,0,FRC0,129.0,129.0,73.0,73.0,1.0,0,1.0,1.0,free_flow
2026-04-03T21:51:55.788279+00:00,a8_east,48.12,11.75,21,51,4,0,FRC4,65.0,65.0,130.0,130.0,1.0,0,1.0,1.0,free_flow
2026-04-03T21:51:56.381057+00:00,pasing,48.1497,11.4617,21,51,4,0,FRC1,38.0,38.0,129.0,129.0,1.0,0,1.0,1.0,free_flow
2026-04-03T21:51:56.959821+00:00,neuperlach,48.0996,11.6302,21,51,4,0,FRC3,29.0,29.0,81.0,81.0,1.0,0,1.0,1.0,free_flow
2026-04-03T21:51:57.524576+00:00,mittlerer_ring,48.12,11.55,21,51,4,0,FRC2,25.0,25.0,111.0,111.0,1.0,0,1.0,1.0,free_flow
2026-04-03T21:52:13.635246+00:00,marienplatz,48.1374,11.5755,21,52,4,0,FRC2,26.0,26.0,84.0,84.0,1.0,0,1.0,1.0,free_flow
2026-04-03T21:52:14.210336+00:00,schwabing,48.1642,11.5811,21,52,4,0,FRC3,26.0,26.0,73.0,73.0,1.0,0,1.0,1.0,free_flow
2026-04-03T21:52:14.784003+00:00,sendlinger_tor,48.1339,11.5668,21,52,4,0,FRC2,20.0,25.0,87.0,69.0,1.0,0,0.8,1.2609,moderate
2026-04-03T21:52:15.366842+00:00,a9_north,48.22,11.61,21,52,4,0,FRC0,129.0,129.0,73.0,73.0,1.0,0,1.0,1.0,free_flow
2026-04-03T21:52:15.937827+00:00,a8_east,48.12,11.75,21,52,4,0,FRC4,65.0,65.0,130.0,130.0,1.0,0,1.0,1.0,free_flow
2026-04-03T21:52:16.516674+00:00,pasing,48.1497,11.4617,21,52,4,0,FRC1,38.0,38.0,129.0,129.0,1.0,0,1.0,1.0,free_flow
2026-04-03T21:52:17.092956+00:00,neuperlach,48.0996,11.6302,21,52,4,0,FRC3,29.0,29.0,81.0,81.0,1.0,0,1.0,1.0,free_flow
2026-04-03T21:52:17.656073+00:00,mittlerer_ring,48.12,11.55,21,52,4,0,FRC2,25.0,25.0,111.0,111.0,1.0,0,1.0,1.0,free_flow
2026-04-03T21:52:33.420700+00:00,marienplatz,48.1374,11.5755,21,52,4,0,FRC2,26.0,26.0,84.0,84.0,1.0,0,1.0,1.0,free_flow
2026-04-03T21:52:33.876508+00:00,schwabing,48.1642,11.5811,21,52,4,0,FRC3,26.0,26.0,73.0,73.0,1.0,0,1.0,1.0,free_flow
2026-04-03T21:52:34.336482+00:00,sendlinger_tor,48.1339,11.5668,21,52,4,0,FRC2,20.0,25.0,87.0,69.0,1.0,0,0.8,1.2609,moderate
2026-04-03T21:52:34.791241+00:00,a9_north,48.22,11.61,21,52,4,0,FRC0,129.0,129.0,73.0,73.0,1.0,0,1.0,1.0,free_flow
2026-04-03T21:52:35.252246+00:00,a8_east,48.12,11.75,21,52,4,0,FRC4,65.0,65.0,130.0,130.0,1.0,0,1.0,1.0,free_flow
2026-04-03T21:52:35.709098+00:00,pasing,48.1497,11.4617,21,52,4,0,FRC1,38.0,38.0,129.0,129.0,1.0,0,1.0,1.0,free_flow
2026-04-03T21:52:36.176939+00:00,neuperlach,48.0996,11.6302,21,52,4,0,FRC3,29.0,29.0,81.0,81.0,1.0,0,1.0,1.0,free_flow
2026-04-03T21:52:36.641279+00:00,mittlerer_ring,48.12,11.55,21,52,4,0,FRC2,25.0,25.0,111.0,111.0,1.0,0,1.0,1.0,free_flow
2026-04-03T21:52:52.079623+00:00,marienplatz,48.1374,11.5755,21,52,4,0,FRC2,26.0,26.0,84.0,84.0,1.0,0,1.0,1.0,free_flow
2026-04-03T21:52:52.548787+00:00,schwabing,48.1642,11.5811,21,52,4,0,FRC3,26.0,26.0,73.0,73.0,1.0,0,1.0,1.0,free_flow
2026-04-03T21:52:53.025898+00:00,sendlinger_tor,48.1339,11.5668,21,52,4,0,FRC2,20.0,25.0,87.0,69.0,1.0,0,0.8,1.2609,moderate
2026-04-03T21:52:53.497718+00:00,a9_north,48.22,11.61,21,52,4,0,FRC0,129.0,129.0,73.0,73.0,1.0,0,1.0,1.0,free_flow
2026-04-03T21:52:53.975115+00:00,a8_east,48.12,11.75,21,52,4,0,FRC4,65.0,65.0,130.0,130.0,1.0,0,1.0,1.0,free_flow
2026-04-03T21:52:54.445378+00:00,pasing,48.1497,11.4617,21,52,4,0,FRC1,38.0,38.0,129.0,129.0,1.0,0,1.0,1.0,free_flow
2026-04-03T21:52:54.913589+00:00,neuperlach,48.0996,11.6302,21,52,4,0,FRC3,29.0,29.0,81.0,81.0,1.0,0,1.0,1.0,free_flow
2026-04-03T21:52:55.384689+00:00,mittlerer_ring,48.12,11.55,21,52,4,0,FRC2,25.0,25.0,111.0,111.0,1.0,0,1.0,1.0,free_flow
2026-04-03T21:53:13.043597+00:00,marienplatz,48.1374,11.5755,21,53,4,0,FRC2,26.0,26.0,84.0,84.0,1.0,0,1.0,1.0,free_flow
2026-04-03T21:53:13.497819+00:00,schwabing,48.1642,11.5811,21,53,4,0,FRC3,26.0,26.0,73.0,73.0,1.0,0,1.0,1.0,free_flow
2026-04-03T21:53:13.954221+00:00,sendlinger_tor,48.1339,11.5668,21,53,4,0,FRC2,17.0,24.0,102.0,72.0,1.0,0,0.7083,1.4167,moderate
2026-04-03T21:53:14.416081+00:00,a9_north,48.22,11.61,21,53,4,0,FRC0,129.0,129.0,73.0,73.0,1.0,0,1.0,1.0,free_flow
2026-04-03T21:53:14.883672+00:00,a8_east,48.12,11.75,21,53,4,0,FRC4,65.0,65.0,130.0,130.0,1.0,0,1.0,1.0,free_flow
2026-04-03T21:53:15.342187+00:00,pasing,48.1497,11.4617,21,53,4,0,FRC1,38.0,38.0,129.0,129.0,1.0,0,1.0,1.0,free_flow
2026-04-03T21:53:15.790534+00:00,neuperlach,48.0996,11.6302,21,53,4,0,FRC3,29.0,29.0,81.0,81.0,1.0,0,1.0,1.0,free_flow
2026-04-03T21:53:16.242988+00:00,mittlerer_ring,48.12,11.55,21,53,4,0,FRC2,25.0,25.0,111.0,111.0,1.0,0,1.0,1.0,free_flow
2026-04-03T21:53:34.695609+00:00,marienplatz,48.1374,11.5755,21,53,4,0,FRC2,26.0,26.0,84.0,84.0,1.0,0,1.0,1.0,free_flow
2026-04-03T21:53:35.216198+00:00,schwabing,48.1642,11.5811,21,53,4,0,FRC3,26.0,26.0,73.0,73.0,1.0,0,1.0,1.0,free_flow
2026-04-03T21:53:35.760035+00:00,sendlinger_tor,48.1339,11.5668,21,53,4,0,FRC2,18.0,24.0,96.0,72.0,1.0,0,0.75,1.3333,moderate
2026-04-03T21:53:36.285446+00:00,a9_north,48.22,11.61,21,53,4,0,FRC0,129.0,129.0,73.0,73.0,1.0,0,1.0,1.0,free_flow
2026-04-03T21:53:36.819469+00:00,a8_east,48.12,11.75,21,53,4,0,FRC4,65.0,65.0,130.0,130.0,1.0,0,1.0,1.0,free_flow
2026-04-03T21:53:37.360918+00:00,pasing,48.1497,11.4617,21,53,4,0,FRC1,38.0,38.0,129.0,129.0,1.0,0,1.0,1.0,free_flow
2026-04-03T21:53:37.888323+00:00,neuperlach,48.0996,11.6302,21,53,4,0,FRC3,29.0,29.0,81.0,81.0,1.0,0,1.0,1.0,free_flow
2026-04-03T21:53:38.417118+00:00,mittlerer_ring,48.12,11.55,21,53,4,0,FRC2,25.0,25.0,111.0,111.0,1.0,0,1.0,1.0,free_flow
2026-04-03T21:53:59.052622+00:00,marienplatz,48.1374,11.5755,21,53,4,0,FRC2,26.0,26.0,84.0,84.0,1.0,0,1.0,1.0,free_flow
2026-04-03T21:53:59.507766+00:00,schwabing,48.1642,11.5811,21,53,4,0,FRC3,26.0,26.0,73.0,73.0,1.0,0,1.0,1.0,free_flow
2026-04-03T21:53:59.962368+00:00,sendlinger_tor,48.1339,11.5668,21,53,4,0,FRC2,17.0,25.0,102.0,69.0,1.0,0,0.68,1.4783,moderate
2026-04-03T21:54:00.417889+00:00,a9_north,48.22,11.61,21,54,4,0,FRC0,129.0,129.0,73.0,73.0,1.0,0,1.0,1.0,free_flow
2026-04-03T21:54:00.886127+00:00,a8_east,48.12,11.75,21,54,4,0,FRC4,65.0,65.0,130.0,130.0,1.0,0,1.0,1.0,free_flow
2026-04-03T21:54:01.340880+00:00,pasing,48.1497,11.4617,21,54,4,0,FRC1,38.0,38.0,129.0,129.0,1.0,0,1.0,1.0,free_flow
2026-04-03T21:54:01.797416+00:00,neuperlach,48.0996,11.6302,21,54,4,0,FRC3,29.0,29.0,81.0,81.0,1.0,0,1.0,1.0,free_flow
2026-04-03T21:54:02.251713+00:00,mittlerer_ring,48.12,11.55,21,54,4,0,FRC2,25.0,25.0,111.0,111.0,1.0,0,1.0,1.0,free_flow
2026-04-03T21:54:21.661605+00:00,marienplatz,48.1374,11.5755,21,54,4,0,FRC2,26.0,26.0,84.0,84.0,1.0,0,1.0,1.0,free_flow
2026-04-03T21:54:22.229344+00:00,schwabing,48.1642,11.5811,21,54,4,0,FRC3,26.0,26.0,73.0,73.0,1.0,0,1.0,1.0,free_flow
2026-04-03T21:54:22.795238+00:00,sendlinger_tor,48.1339,11.5668,21,54,4,0,FRC2,17.0,25.0,102.0,69.0,1.0,0,0.68,1.4783,moderate
2026-04-03T21:54:23.379520+00:00,a9_north,48.22,11.61,21,54,4,0,FRC0,129.0,129.0,73.0,73.0,1.0,0,1.0,1.0,free_flow
2026-04-03T21:54:23.969152+00:00,a8_east,48.12,11.75,21,54,4,0,FRC4,65.0,65.0,130.0,130.0,1.0,0,1.0,1.0,free_flow
2026-04-03T21:54:24.548247+00:00,pasing,48.1497,11.4617,21,54,4,0,FRC1,38.0,38.0,129.0,129.0,1.0,0,1.0,1.0,free_flow
2026-04-03T21:54:25.122814+00:00,neuperlach,48.0996,11.6302,21,54,4,0,FRC3,29.0,29.0,81.0,81.0,1.0,0,1.0,1.0,free_flow
2026-04-03T21:54:25.695537+00:00,mittlerer_ring,48.12,11.55,21,54,4,0,FRC2,25.0,25.0,111.0,111.0,1.0,0,1.0,1.0,free_flow
2026-04-03T21:54:43.155337+00:00,marienplatz,48.1374,11.5755,21,54,4,0,FRC2,26.0,26.0,84.0,84.0,1.0,0,1.0,1.0,free_flow
2026-04-03T21:54:43.654900+00:00,schwabing,48.1642,11.5811,21,54,4,0,FRC3,26.0,26.0,73.0,73.0,1.0,0,1.0,1.0,free_flow
2026-04-03T21:54:44.174484+00:00,sendlinger_tor,48.1339,11.5668,21,54,4,0,FRC2,17.0,25.0,102.0,69.0,1.0,0,0.68,1.4783,moderate
2026-04-03T21:54:44.695453+00:00,a9_north,48.22,11.61,21,54,4,0,FRC0,129.0,129.0,73.0,73.0,1.0,0,1.0,1.0,free_flow
2026-04-03T21:54:45.193817+00:00,a8_east,48.12,11.75,21,54,4,0,FRC4,65.0,65.0,130.0,130.0,1.0,0,1.0,1.0,free_flow
2026-04-03T21:54:45.711371+00:00,pasing,48.1497,11.4617,21,54,4,0,FRC1,38.0,38.0,129.0,129.0,1.0,0,1.0,1.0,free_flow
2026-04-03T21:54:46.227721+00:00,neuperlach,48.0996,11.6302,21,54,4,0,FRC3,29.0,29.0,81.0,81.0,1.0,0,1.0,1.0,free_flow
2026-04-03T21:54:46.740363+00:00,mittlerer_ring,48.12,11.55,21,54,4,0,FRC2,25.0,25.0,111.0,111.0,1.0,0,1.0,1.0,free_flow
2026-04-03T21:55:03.379840+00:00,marienplatz,48.1374,11.5755,21,55,4,0,FRC2,26.0,26.0,84.0,84.0,1.0,0,1.0,1.0,free_flow
2026-04-03T21:55:03.895512+00:00,schwabing,48.1642,11.5811,21,55,4,0,FRC3,26.0,26.0,73.0,73.0,1.0,0,1.0,1.0,free_flow
2026-04-03T21:55:04.407840+00:00,sendlinger_tor,48.1339,11.5668,21,55,4,0,FRC2,18.0,24.0,96.0,72.0,1.0,0,0.75,1.3333,moderate
2026-04-03T21:55:04.919093+00:00,a9_north,48.22,11.61,21,55,4,0,FRC0,129.0,129.0,73.0,73.0,1.0,0,1.0,1.0,free_flow
2026-04-03T21:55:05.430621+00:00,a8_east,48.12,11.75,21,55,4,0,FRC4,65.0,65.0,130.0,130.0,1.0,0,1.0,1.0,free_flow
2026-04-03T21:55:05.938316+00:00,pasing,48.1497,11.4617,21,55,4,0,FRC1,38.0,38.0,129.0,129.0,1.0,0,1.0,1.0,free_flow
2026-04-03T21:55:06.465401+00:00,neuperlach,48.0996,11.6302,21,55,4,0,FRC3,29.0,29.0,81.0,81.0,1.0,0,1.0,1.0,free_flow
2026-04-03T21:55:06.983084+00:00,mittlerer_ring,48.12,11.55,21,55,4,0,FRC2,25.0,25.0,111.0,111.0,1.0,0,1.0,1.0,free_flow
2026-04-03T22:01:36.176198+00:00,marienplatz,48.1374,11.5755,22,1,4,0,FRC2,26.0,26.0,84.0,84.0,1.0,0,1.0,1.0,free_flow
2026-04-03T22:01:36.705425+00:00,schwabing,48.1642,11.5811,22,1,4,0,FRC3,26.0,26.0,73.0,73.0,1.0,0,1.0,1.0,free_flow
2026-04-03T22:01:37.227151+00:00,sendlinger_tor,48.1339,11.5668,22,1,4,0,FRC2,17.0,24.0,102.0,72.0,1.0,0,0.7083,1.4167,moderate
2026-04-03T22:01:37.751751+00:00,a9_north,48.22,11.61,22,1,4,0,FRC0,129.0,129.0,73.0,73.0,1.0,0,1.0,1.0,free_flow
2026-04-03T22:01:38.277087+00:00,a8_east,48.12,11.75,22,1,4,0,FRC4,65.0,65.0,130.0,130.0,1.0,0,1.0,1.0,free_flow
2026-04-03T22:01:38.798701+00:00,pasing,48.1497,11.4617,22,1,4,0,FRC1,38.0,38.0,129.0,129.0,1.0,0,1.0,1.0,free_flow
2026-04-03T22:01:39.342709+00:00,neuperlach,48.0996,11.6302,22,1,4,0,FRC3,29.0,29.0,81.0,81.0,1.0,0,1.0,1.0,free_flow
2026-04-03T22:01:39.872882+00:00,mittlerer_ring,48.12,11.55,22,1,4,0,FRC2,25.0,25.0,111.0,111.0,1.0,0,1.0,1.0,free_flow
2026-04-03T22:06:35.910678+00:00,marienplatz,48.1374,11.5755,22,6,4,0,FRC2,17.0,25.0,129.0,87.0,1.0,0,0.68,1.4828,moderate
2026-04-03T22:06:36.456661+00:00,schwabing,48.1642,11.5811,22,6,4,0,FRC3,26.0,26.0,73.0,73.0,1.0,0,1.0,1.0,free_flow
2026-04-03T22:06:36.978373+00:00,sendlinger_tor,48.1339,11.5668,22,6,4,0,FRC2,18.0,24.0,96.0,72.0,1.0,0,0.75,1.3333,moderate
2026-04-03T22:06:37.502818+00:00,a9_north,48.22,11.61,22,6,4,0,FRC0,129.0,129.0,73.0,73.0,1.0,0,1.0,1.0,free_flow
2026-04-03T22:06:38.063792+00:00,a8_east,48.12,11.75,22,6,4,0,FRC4,65.0,65.0,130.0,130.0,1.0,0,1.0,1.0,free_flow
2026-04-03T22:06:38.596456+00:00,pasing,48.1497,11.4617,22,6,4,0,FRC1,38.0,38.0,129.0,129.0,1.0,0,1.0,1.0,free_flow
2026-04-03T22:06:39.123150+00:00,neuperlach,48.0996,11.6302,22,6,4,0,FRC3,29.0,29.0,81.0,81.0,1.0,0,1.0,1.0,free_flow
2026-04-03T22:06:39.642318+00:00,mittlerer_ring,48.12,11.55,22,6,4,0,FRC2,25.0,25.0,111.0,111.0,1.0,0,1.0,1.0,free_flow
2026-04-03T22:11:35.931267+00:00,marienplatz,48.1374,11.5755,22,11,4,0,FRC2,26.0,26.0,84.0,84.0,1.0,0,1.0,1.0,free_flow
2026-04-03T22:11:36.462735+00:00,schwabing,48.1642,11.5811,22,11,4,0,FRC3,26.0,26.0,73.0,73.0,1.0,0,1.0,1.0,free_flow
2026-04-03T22:11:36.982120+00:00,sendlinger_tor,48.1339,11.5668,22,11,4,0,FRC2,25.0,25.0,69.0,69.0,1.0,0,1.0,1.0,free_flow
2026-04-03T22:11:37.507509+00:00,a9_north,48.22,11.61,22,11,4,0,FRC0,129.0,129.0,73.0,73.0,1.0,0,1.0,1.0,free_flow
2026-04-03T22:11:38.032556+00:00,a8_east,48.12,11.75,22,11,4,0,FRC4,65.0,65.0,130.0,130.0,1.0,0,1.0,1.0,free_flow
2026-04-03T22:11:38.572137+00:00,pasing,48.1497,11.4617,22,11,4,0,FRC1,38.0,38.0,129.0,129.0,1.0,0,1.0,1.0,free_flow
2026-04-03T22:11:39.103407+00:00,neuperlach,48.0996,11.6302,22,11,4,0,FRC3,29.0,29.0,81.0,81.0,1.0,0,1.0,1.0,free_flow
2026-04-03T22:11:39.627329+00:00,mittlerer_ring,48.12,11.55,22,11,4,0,FRC2,25.0,25.0,111.0,111.0,1.0,0,1.0,1.0,free_flow
2026-04-03T22:16:35.888443+00:00,marienplatz,48.1374,11.5755,22,16,4,0,FRC2,26.0,26.0,84.0,84.0,1.0,0,1.0,1.0,free_flow
2026-04-03T22:16:36.411616+00:00,schwabing,48.1642,11.5811,22,16,4,0,FRC3,26.0,26.0,73.0,73.0,1.0,0,1.0,1.0,free_flow
2026-04-03T22:16:36.927745+00:00,sendlinger_tor,48.1339,11.5668,22,16,4,0,FRC2,25.0,25.0,69.0,69.0,1.0,0,1.0,1.0,free_flow
2026-04-03T22:16:37.455813+00:00,a9_north,48.22,11.61,22,16,4,0,FRC0,129.0,129.0,73.0,73.0,1.0,0,1.0,1.0,free_flow
2026-04-03T22:16:37.977504+00:00,a8_east,48.12,11.75,22,16,4,0,FRC4,65.0,65.0,130.0,130.0,1.0,0,1.0,1.0,free_flow
2026-04-03T22:16:38.516137+00:00,pasing,48.1497,11.4617,22,16,4,0,FRC1,38.0,38.0,129.0,129.0,1.0,0,1.0,1.0,free_flow
2026-04-03T22:16:39.043952+00:00,neuperlach,48.0996,11.6302,22,16,4,0,FRC3,29.0,29.0,81.0,81.0,1.0,0,1.0,1.0,free_flow
2026-04-03T22:16:39.579247+00:00,mittlerer_ring,48.12,11.55,22,16,4,0,FRC2,25.0,25.0,111.0,111.0,1.0,0,1.0,1.0,free_flow
2026-04-03T22:21:35.906741+00:00,marienplatz,48.1374,11.5755,22,21,4,0,FRC2,26.0,26.0,84.0,84.0,1.0,0,1.0,1.0,free_flow
2026-04-03T22:21:36.424195+00:00,schwabing,48.1642,11.5811,22,21,4,0,FRC3,26.0,26.0,73.0,73.0,1.0,0,1.0,1.0,free_flow
2026-04-03T22:21:36.948880+00:00,sendlinger_tor,48.1339,11.5668,22,21,4,0,FRC2,25.0,25.0,69.0,69.0,1.0,0,1.0,1.0,free_flow
2026-04-03T22:21:37.478115+00:00,a9_north,48.22,11.61,22,21,4,0,FRC0,129.0,129.0,73.0,73.0,1.0,0,1.0,1.0,free_flow
2026-04-03T22:21:38.000032+00:00,a8_east,48.12,11.75,22,21,4,0,FRC4,65.0,65.0,130.0,130.0,1.0,0,1.0,1.0,free_flow
2026-04-03T22:21:38.521948+00:00,pasing,48.1497,11.4617,22,21,4,0,FRC1,38.0,38.0,129.0,129.0,1.0,0,1.0,1.0,free_flow
2026-04-03T22:21:39.040754+00:00,neuperlach,48.0996,11.6302,22,21,4,0,FRC3,29.0,29.0,81.0,81.0,1.0,0,1.0,1.0,free_flow
2026-04-03T22:21:39.561783+00:00,mittlerer_ring,48.12,11.55,22,21,4,0,FRC2,25.0,25.0,111.0,111.0,1.0,0,1.0,1.0,free_flow
2026-04-03T22:26:35.925411+00:00,marienplatz,48.1374,11.5755,22,26,4,0,FRC2,26.0,26.0,84.0,84.0,1.0,0,1.0,1.0,free_flow
2026-04-03T22:26:36.449481+00:00,schwabing,48.1642,11.5811,22,26,4,0,FRC3,26.0,26.0,73.0,73.0,1.0,0,1.0,1.0,free_flow
2026-04-03T22:26:36.973700+00:00,sendlinger_tor,48.1339,11.5668,22,26,4,0,FRC2,20.0,25.0,87.0,69.0,1.0,0,0.8,1.2609,moderate
2026-04-03T22:26:37.494166+00:00,a9_north,48.22,11.61,22,26,4,0,FRC0,129.0,129.0,73.0,73.0,1.0,0,1.0,1.0,free_flow
2026-04-03T22:26:38.014017+00:00,a8_east,48.12,11.75,22,26,4,0,FRC4,65.0,65.0,130.0,130.0,1.0,0,1.0,1.0,free_flow
2026-04-03T22:26:38.533570+00:00,pasing,48.1497,11.4617,22,26,4,0,FRC1,38.0,38.0,129.0,129.0,1.0,0,1.0,1.0,free_flow
2026-04-03T22:26:39.065851+00:00,neuperlach,48.0996,11.6302,22,26,4,0,FRC3,29.0,29.0,81.0,81.0,1.0,0,1.0,1.0,free_flow
2026-04-03T22:26:39.586486+00:00,mittlerer_ring,48.12,11.55,22,26,4,0,FRC2,25.0,25.0,111.0,111.0,1.0,0,1.0,1.0,free_flow
2026-04-03T22:31:35.899960+00:00,marienplatz,48.1374,11.5755,22,31,4,0,FRC2,26.0,26.0,84.0,84.0,1.0,0,1.0,1.0,free_flow
2026-04-03T22:31:36.423851+00:00,schwabing,48.1642,11.5811,22,31,4,0,FRC3,26.0,26.0,73.0,73.0,1.0,0,1.0,1.0,free_flow
2026-04-03T22:31:36.948584+00:00,sendlinger_tor,48.1339,11.5668,22,31,4,0,FRC2,19.0,24.0,91.0,72.0,1.0,0,0.7917,1.2639,moderate
2026-04-03T22:31:37.467664+00:00,a9_north,48.22,11.61,22,31,4,0,FRC0,129.0,129.0,73.0,73.0,1.0,0,1.0,1.0,free_flow
2026-04-03T22:31:37.986026+00:00,a8_east,48.12,11.75,22,31,4,0,FRC4,65.0,65.0,130.0,130.0,1.0,0,1.0,1.0,free_flow
2026-04-03T22:31:38.511679+00:00,pasing,48.1497,11.4617,22,31,4,0,FRC1,38.0,38.0,129.0,129.0,1.0,0,1.0,1.0,free_flow
2026-04-03T22:31:39.040044+00:00,neuperlach,48.0996,11.6302,22,31,4,0,FRC3,29.0,29.0,81.0,81.0,1.0,0,1.0,1.0,free_flow
2026-04-03T22:31:39.567564+00:00,mittlerer_ring,48.12,11.55,22,31,4,0,FRC2,25.0,25.0,111.0,111.0,1.0,0,1.0,1.0,free_flow
2026-04-03T22:36:35.909824+00:00,marienplatz,48.1374,11.5755,22,36,4,0,FRC2,26.0,26.0,84.0,84.0,1.0,0,1.0,1.0,free_flow
2026-04-03T22:36:36.432396+00:00,schwabing,48.1642,11.5811,22,36,4,0,FRC3,26.0,26.0,73.0,73.0,1.0,0,1.0,1.0,free_flow
2026-04-03T22:36:36.950751+00:00,sendlinger_tor,48.1339,11.5668,22,36,4,0,FRC2,25.0,25.0,69.0,69.0,1.0,0,1.0,1.0,free_flow
2026-04-03T22:36:37.478543+00:00,a9_north,48.22,11.61,22,36,4,0,FRC0,129.0,129.0,73.0,73.0,1.0,0,1.0,1.0,free_flow
2026-04-03T22:36:38.001769+00:00,a8_east,48.12,11.75,22,36,4,0,FRC4,65.0,65.0,130.0,130.0,1.0,0,1.0,1.0,free_flow
2026-04-03T22:36:38.520844+00:00,pasing,48.1497,11.4617,22,36,4,0,FRC1,38.0,38.0,129.0,129.0,1.0,0,1.0,1.0,free_flow
2026-04-03T22:36:39.048163+00:00,neuperlach,48.0996,11.6302,22,36,4,0,FRC3,29.0,29.0,81.0,81.0,1.0,0,1.0,1.0,free_flow
2026-04-03T22:36:39.578296+00:00,mittlerer_ring,48.12,11.55,22,36,4,0,FRC2,25.0,25.0,111.0,111.0,1.0,0,1.0,1.0,free_flow
2026-04-03T22:41:35.918270+00:00,marienplatz,48.1374,11.5755,22,41,4,0,FRC2,26.0,26.0,84.0,84.0,1.0,0,1.0,1.0,free_flow
2026-04-03T22:41:36.439937+00:00,schwabing,48.1642,11.5811,22,41,4,0,FRC3,26.0,26.0,73.0,73.0,1.0,0,1.0,1.0,free_flow
2026-04-03T22:41:36.954895+00:00,sendlinger_tor,48.1339,11.5668,22,41,4,0,FRC2,19.0,24.0,91.0,72.0,1.0,0,0.7917,1.2639,moderate
2026-04-03T22:41:37.484700+00:00,a9_north,48.22,11.61,22,41,4,0,FRC0,129.0,129.0,73.0,73.0,1.0,0,1.0,1.0,free_flow
2026-04-03T22:41:38.003077+00:00,a8_east,48.12,11.75,22,41,4,0,FRC4,65.0,65.0,130.0,130.0,1.0,0,1.0,1.0,free_flow
2026-04-03T22:41:38.524566+00:00,pasing,48.1497,11.4617,22,41,4,0,FRC1,38.0,38.0,129.0,129.0,1.0,0,1.0,1.0,free_flow
2026-04-03T22:41:39.047339+00:00,neuperlach,48.0996,11.6302,22,41,4,0,FRC3,29.0,29.0,81.0,81.0,1.0,0,1.0,1.0,free_flow
2026-04-03T22:41:39.571071+00:00,mittlerer_ring,48.12,11.55,22,41,4,0,FRC2,25.0,25.0,111.0,111.0,1.0,0,1.0,1.0,free_flow
2026-04-03T22:46:35.890417+00:00,marienplatz,48.1374,11.5755,22,46,4,0,FRC2,26.0,26.0,84.0,84.0,1.0,0,1.0,1.0,free_flow
2026-04-03T22:46:36.412931+00:00,schwabing,48.1642,11.5811,22,46,4,0,FRC3,26.0,26.0,73.0,73.0,1.0,0,1.0,1.0,free_flow
2026-04-03T22:46:36.934231+00:00,sendlinger_tor,48.1339,11.5668,22,46,4,0,FRC2,25.0,25.0,69.0,69.0,1.0,0,1.0,1.0,free_flow
2026-04-03T22:46:37.458723+00:00,a9_north,48.22,11.61,22,46,4,0,FRC0,129.0,129.0,73.0,73.0,1.0,0,1.0,1.0,free_flow
2026-04-03T22:46:37.980804+00:00,a8_east,48.12,11.75,22,46,4,0,FRC4,65.0,65.0,130.0,130.0,1.0,0,1.0,1.0,free_flow
2026-04-03T22:46:38.506826+00:00,pasing,48.1497,11.4617,22,46,4,0,FRC1,38.0,38.0,129.0,129.0,1.0,0,1.0,1.0,free_flow
2026-04-03T22:46:39.028719+00:00,neuperlach,48.0996,11.6302,22,46,4,0,FRC3,29.0,29.0,81.0,81.0,1.0,0,1.0,1.0,free_flow
2026-04-03T22:46:39.574842+00:00,mittlerer_ring,48.12,11.55,22,46,4,0,FRC2,25.0,25.0,111.0,111.0,1.0,0,1.0,1.0,free_flow
2026-04-03T22:51:35.898432+00:00,marienplatz,48.1374,11.5755,22,51,4,0,FRC2,26.0,26.0,84.0,84.0,1.0,0,1.0,1.0,free_flow
2026-04-03T22:51:36.417354+00:00,schwabing,48.1642,11.5811,22,51,4,0,FRC3,26.0,26.0,73.0,73.0,1.0,0,1.0,1.0,free_flow
2026-04-03T22:51:36.938743+00:00,sendlinger_tor,48.1339,11.5668,22,51,4,0,FRC2,25.0,25.0,69.0,69.0,1.0,0,1.0,1.0,free_flow
2026-04-03T22:51:37.458409+00:00,a9_north,48.22,11.61,22,51,4,0,FRC0,129.0,129.0,73.0,73.0,1.0,0,1.0,1.0,free_flow
2026-04-03T22:51:37.975109+00:00,a8_east,48.12,11.75,22,51,4,0,FRC4,65.0,65.0,130.0,130.0,1.0,0,1.0,1.0,free_flow
2026-04-03T22:51:38.506398+00:00,pasing,48.1497,11.4617,22,51,4,0,FRC1,38.0,38.0,129.0,129.0,1.0,0,1.0,1.0,free_flow
2026-04-03T22:51:39.027036+00:00,neuperlach,48.0996,11.6302,22,51,4,0,FRC3,29.0,29.0,81.0,81.0,1.0,0,1.0,1.0,free_flow
2026-04-03T22:51:39.552868+00:00,mittlerer_ring,48.12,11.55,22,51,4,0,FRC2,25.0,25.0,111.0,111.0,1.0,0,1.0,1.0,free_flow
2026-04-03T22:56:35.915112+00:00,marienplatz,48.1374,11.5755,22,56,4,0,FRC2,26.0,26.0,84.0,84.0,1.0,0,1.0,1.0,free_flow
2026-04-03T22:56:36.440275+00:00,schwabing,48.1642,11.5811,22,56,4,0,FRC3,26.0,26.0,73.0,73.0,1.0,0,1.0,1.0,free_flow
2026-04-03T22:56:36.968640+00:00,sendlinger_tor,48.1339,11.5668,22,56,4,0,FRC2,18.0,25.0,96.0,69.0,1.0,0,0.72,1.3913,moderate
2026-04-03T22:56:37.490712+00:00,a9_north,48.22,11.61,22,56,4,0,FRC0,129.0,129.0,73.0,73.0,1.0,0,1.0,1.0,free_flow
2026-04-03T22:56:38.012379+00:00,a8_east,48.12,11.75,22,56,4,0,FRC4,65.0,65.0,130.0,130.0,1.0,0,1.0,1.0,free_flow
2026-04-03T22:56:38.547781+00:00,pasing,48.1497,11.4617,22,56,4,0,FRC1,38.0,38.0,129.0,129.0,1.0,0,1.0,1.0,free_flow
2026-04-03T22:56:39.067518+00:00,neuperlach,48.0996,11.6302,22,56,4,0,FRC3,29.0,29.0,81.0,81.0,1.0,0,1.0,1.0,free_flow
2026-04-03T22:56:39.597225+00:00,mittlerer_ring,48.12,11.55,22,56,4,0,FRC2,25.0,25.0,111.0,111.0,1.0,0,1.0,1.0,free_flow
2026-04-03T23:01:35.900978+00:00,marienplatz,48.1374,11.5755,23,1,4,0,FRC2,26.0,26.0,84.0,84.0,1.0,0,1.0,1.0,free_flow
2026-04-03T23:01:36.428161+00:00,schwabing,48.1642,11.5811,23,1,4,0,FRC3,26.0,26.0,73.0,73.0,1.0,0,1.0,1.0,free_flow
2026-04-03T23:01:36.954193+00:00,sendlinger_tor,48.1339,11.5668,23,1,4,0,FRC2,20.0,25.0,87.0,69.0,1.0,0,0.8,1.2609,moderate
2026-04-03T23:01:37.487756+00:00,a9_north,48.22,11.61,23,1,4,0,FRC0,129.0,129.0,73.0,73.0,1.0,0,1.0,1.0,free_flow
2026-04-03T23:01:38.010585+00:00,a8_east,48.12,11.75,23,1,4,0,FRC4,65.0,65.0,130.0,130.0,1.0,0,1.0,1.0,free_flow
2026-04-03T23:01:38.556287+00:00,pasing,48.1497,11.4617,23,1,4,0,FRC1,38.0,38.0,129.0,129.0,1.0,0,1.0,1.0,free_flow
2026-04-03T23:01:39.074910+00:00,neuperlach,48.0996,11.6302,23,1,4,0,FRC3,29.0,29.0,81.0,81.0,1.0,0,1.0,1.0,free_flow
2026-04-03T23:01:39.597081+00:00,mittlerer_ring,48.12,11.55,23,1,4,0,FRC2,25.0,25.0,111.0,111.0,1.0,0,1.0,1.0,free_flow
2026-04-03T23:06:35.906780+00:00,marienplatz,48.1374,11.5755,23,6,4,0,FRC2,26.0,26.0,84.0,84.0,1.0,0,1.0,1.0,free_flow
2026-04-03T23:06:36.428527+00:00,schwabing,48.1642,11.5811,23,6,4,0,FRC3,26.0,26.0,73.0,73.0,1.0,0,1.0,1.0,free_flow
2026-04-03T23:06:36.947508+00:00,sendlinger_tor,48.1339,11.5668,23,6,4,0,FRC2,19.0,25.0,91.0,69.0,1.0,0,0.76,1.3188,moderate
2026-04-03T23:06:37.473642+00:00,a9_north,48.22,11.61,23,6,4,0,FRC0,129.0,129.0,73.0,73.0,1.0,0,1.0,1.0,free_flow
2026-04-03T23:06:37.992658+00:00,a8_east,48.12,11.75,23,6,4,0,FRC4,65.0,65.0,130.0,130.0,1.0,0,1.0,1.0,free_flow
2026-04-03T23:06:38.513769+00:00,pasing,48.1497,11.4617,23,6,4,0,FRC1,38.0,38.0,129.0,129.0,1.0,0,1.0,1.0,free_flow
2026-04-03T23:06:39.038781+00:00,neuperlach,48.0996,11.6302,23,6,4,0,FRC3,29.0,29.0,81.0,81.0,1.0,0,1.0,1.0,free_flow
2026-04-03T23:06:39.563951+00:00,mittlerer_ring,48.12,11.55,23,6,4,0,FRC2,25.0,25.0,111.0,111.0,1.0,0,1.0,1.0,free_flow
2026-04-03T23:11:35.898718+00:00,marienplatz,48.1374,11.5755,23,11,4,0,FRC2,26.0,26.0,84.0,84.0,1.0,0,1.0,1.0,free_flow
2026-04-03T23:11:36.425879+00:00,schwabing,48.1642,11.5811,23,11,4,0,FRC3,26.0,26.0,73.0,73.0,1.0,0,1.0,1.0,free_flow
2026-04-03T23:11:36.951804+00:00,sendlinger_tor,48.1339,11.5668,23,11,4,0,FRC2,25.0,25.0,69.0,69.0,1.0,0,1.0,1.0,free_flow
2026-04-03T23:11:37.472385+00:00,a9_north,48.22,11.61,23,11,4,0,FRC0,129.0,129.0,73.0,73.0,1.0,0,1.0,1.0,free_flow
2026-04-03T23:11:38.030037+00:00,a8_east,48.12,11.75,23,11,4,0,FRC4,65.0,65.0,130.0,130.0,1.0,0,1.0,1.0,free_flow
2026-04-03T23:11:38.554049+00:00,pasing,48.1497,11.4617,23,11,4,0,FRC1,38.0,38.0,129.0,129.0,1.0,0,1.0,1.0,free_flow
2026-04-03T23:11:39.080213+00:00,neuperlach,48.0996,11.6302,23,11,4,0,FRC3,29.0,29.0,81.0,81.0,1.0,0,1.0,1.0,free_flow
2026-04-03T23:11:39.601265+00:00,mittlerer_ring,48.12,11.55,23,11,4,0,FRC2,25.0,25.0,111.0,111.0,1.0,0,1.0,1.0,free_flow
2026-04-03T23:16:35.910847+00:00,marienplatz,48.1374,11.5755,23,16,4,0,FRC2,26.0,26.0,84.0,84.0,1.0,0,1.0,1.0,free_flow
2026-04-03T23:16:36.442583+00:00,schwabing,48.1642,11.5811,23,16,4,0,FRC3,26.0,26.0,73.0,73.0,1.0,0,1.0,1.0,free_flow
2026-04-03T23:16:36.966083+00:00,sendlinger_tor,48.1339,11.5668,23,16,4,0,FRC2,25.0,25.0,69.0,69.0,1.0,0,1.0,1.0,free_flow
2026-04-03T23:16:37.498655+00:00,a9_north,48.22,11.61,23,16,4,0,FRC0,129.0,129.0,73.0,73.0,1.0,0,1.0,1.0,free_flow
2026-04-03T23:16:38.017551+00:00,a8_east,48.12,11.75,23,16,4,0,FRC4,65.0,65.0,130.0,130.0,1.0,0,1.0,1.0,free_flow
2026-04-03T23:16:38.551873+00:00,pasing,48.1497,11.4617,23,16,4,0,FRC1,38.0,38.0,129.0,129.0,1.0,0,1.0,1.0,free_flow
2026-04-03T23:16:39.068057+00:00,neuperlach,48.0996,11.6302,23,16,4,0,FRC3,29.0,29.0,81.0,81.0,1.0,0,1.0,1.0,free_flow
2026-04-03T23:16:39.597847+00:00,mittlerer_ring,48.12,11.55,23,16,4,0,FRC2,25.0,25.0,111.0,111.0,1.0,0,1.0,1.0,free_flow
2026-04-03T23:21:35.889259+00:00,marienplatz,48.1374,11.5755,23,21,4,0,FRC2,26.0,26.0,84.0,84.0,1.0,0,1.0,1.0,free_flow
2026-04-03T23:21:36.417233+00:00,schwabing,48.1642,11.5811,23,21,4,0,FRC3,26.0,26.0,73.0,73.0,1.0,0,1.0,1.0,free_flow
2026-04-03T23:21:36.937884+00:00,sendlinger_tor,48.1339,11.5668,23,21,4,0,FRC2,25.0,25.0,69.0,69.0,1.0,0,1.0,1.0,free_flow
2026-04-03T23:21:37.452121+00:00,a9_north,48.22,11.61,23,21,4,0,FRC0,129.0,129.0,73.0,73.0,1.0,0,1.0,1.0,free_flow
2026-04-03T23:21:37.972344+00:00,a8_east,48.12,11.75,23,21,4,0,FRC4,65.0,65.0,130.0,130.0,1.0,0,1.0,1.0,free_flow
2026-04-03T23:21:38.507602+00:00,pasing,48.1497,11.4617,23,21,4,0,FRC1,38.0,38.0,129.0,129.0,1.0,0,1.0,1.0,free_flow
2026-04-03T23:21:39.038103+00:00,neuperlach,48.0996,11.6302,23,21,4,0,FRC3,29.0,29.0,81.0,81.0,1.0,0,1.0,1.0,free_flow
2026-04-03T23:21:39.559060+00:00,mittlerer_ring,48.12,11.55,23,21,4,0,FRC2,25.0,25.0,111.0,111.0,1.0,0,1.0,1.0,free_flow
2026-04-03T23:26:35.886732+00:00,marienplatz,48.1374,11.5755,23,26,4,0,FRC2,26.0,26.0,84.0,84.0,1.0,0,1.0,1.0,free_flow
2026-04-03T23:26:36.405390+00:00,schwabing,48.1642,11.5811,23,26,4,0,FRC3,26.0,26.0,73.0,73.0,1.0,0,1.0,1.0,free_flow
2026-04-03T23:26:36.934588+00:00,sendlinger_tor,48.1339,11.5668,23,26,4,0,FRC2,25.0,25.0,69.0,69.0,1.0,0,1.0,1.0,free_flow
2026-04-03T23:26:37.452322+00:00,a9_north,48.22,11.61,23,26,4,0,FRC0,129.0,129.0,73.0,73.0,1.0,0,1.0,1.0,free_flow
2026-04-03T23:26:37.983178+00:00,a8_east,48.12,11.75,23,26,4,0,FRC4,65.0,65.0,130.0,130.0,1.0,0,1.0,1.0,free_flow
2026-04-03T23:26:38.515925+00:00,pasing,48.1497,11.4617,23,26,4,0,FRC1,38.0,38.0,129.0,129.0,1.0,0,1.0,1.0,free_flow
2026-04-03T23:26:39.049055+00:00,neuperlach,48.0996,11.6302,23,26,4,0,FRC3,29.0,29.0,81.0,81.0,1.0,0,1.0,1.0,free_flow
2026-04-03T23:26:39.584035+00:00,mittlerer_ring,48.12,11.55,23,26,4,0,FRC2,25.0,25.0,111.0,111.0,1.0,0,1.0,1.0,free_flow
2026-04-03T23:31:35.896700+00:00,marienplatz,48.1374,11.5755,23,31,4,0,FRC2,26.0,26.0,84.0,84.0,1.0,0,1.0,1.0,free_flow
2026-04-03T23:31:36.416810+00:00,schwabing,48.1642,11.5811,23,31,4,0,FRC3,26.0,26.0,73.0,73.0,1.0,0,1.0,1.0,free_flow
2026-04-03T23:31:36.944488+00:00,sendlinger_tor,48.1339,11.5668,23,31,4,0,FRC2,25.0,25.0,69.0,69.0,1.0,0,1.0,1.0,free_flow
2026-04-03T23:31:37.462896+00:00,a9_north,48.22,11.61,23,31,4,0,FRC0,129.0,129.0,73.0,73.0,1.0,0,1.0,1.0,free_flow
2026-04-03T23:31:38.003627+00:00,a8_east,48.12,11.75,23,31,4,0,FRC4,65.0,65.0,130.0,130.0,1.0,0,1.0,1.0,free_flow
2026-04-03T23:31:38.533444+00:00,pasing,48.1497,11.4617,23,31,4,0,FRC1,38.0,38.0,129.0,129.0,1.0,0,1.0,1.0,free_flow
2026-04-03T23:31:39.050295+00:00,neuperlach,48.0996,11.6302,23,31,4,0,FRC3,29.0,29.0,81.0,81.0,1.0,0,1.0,1.0,free_flow
2026-04-03T23:31:39.580023+00:00,mittlerer_ring,48.12,11.55,23,31,4,0,FRC2,25.0,25.0,111.0,111.0,1.0,0,1.0,1.0,free_flow
2026-04-03T23:36:35.894672+00:00,marienplatz,48.1374,11.5755,23,36,4,0,FRC2,26.0,26.0,84.0,84.0,1.0,0,1.0,1.0,free_flow
2026-04-03T23:36:36.426397+00:00,schwabing,48.1642,11.5811,23,36,4,0,FRC3,26.0,26.0,73.0,73.0,1.0,0,1.0,1.0,free_flow
2026-04-03T23:36:36.951237+00:00,sendlinger_tor,48.1339,11.5668,23,36,4,0,FRC2,25.0,25.0,69.0,69.0,1.0,0,1.0,1.0,free_flow
2026-04-03T23:36:37.471051+00:00,a9_north,48.22,11.61,23,36,4,0,FRC0,129.0,129.0,73.0,73.0,1.0,0,1.0,1.0,free_flow
2026-04-03T23:36:37.984038+00:00,a8_east,48.12,11.75,23,36,4,0,FRC4,65.0,65.0,130.0,130.0,1.0,0,1.0,1.0,free_flow
2026-04-03T23:36:38.500350+00:00,pasing,48.1497,11.4617,23,36,4,0,FRC1,38.0,38.0,129.0,129.0,1.0,0,1.0,1.0,free_flow
2026-04-03T23:36:39.019507+00:00,neuperlach,48.0996,11.6302,23,36,4,0,FRC3,29.0,29.0,81.0,81.0,1.0,0,1.0,1.0,free_flow
2026-04-03T23:36:39.541792+00:00,mittlerer_ring,48.12,11.55,23,36,4,0,FRC2,25.0,25.0,111.0,111.0,1.0,0,1.0,1.0,free_flow
2026-04-03T23:41:35.915691+00:00,marienplatz,48.1374,11.5755,23,41,4,0,FRC2,26.0,26.0,84.0,84.0,1.0,0,1.0,1.0,free_flow
2026-04-03T23:41:36.474032+00:00,schwabing,48.1642,11.5811,23,41,4,0,FRC3,18.0,25.0,106.0,76.0,0.99,0,0.72,1.3947,moderate
2026-04-03T23:41:37.000435+00:00,sendlinger_tor,48.1339,11.5668,23,41,4,0,FRC2,25.0,25.0,69.0,69.0,1.0,0,1.0,1.0,free_flow
2026-04-03T23:41:37.534558+00:00,a9_north,48.22,11.61,23,41,4,0,FRC0,129.0,129.0,73.0,73.0,1.0,0,1.0,1.0,free_flow
2026-04-03T23:41:38.106689+00:00,a8_east,48.12,11.75,23,41,4,0,FRC4,65.0,65.0,130.0,130.0,1.0,0,1.0,1.0,free_flow
2026-04-03T23:41:38.620533+00:00,pasing,48.1497,11.4617,23,41,4,0,FRC1,38.0,38.0,129.0,129.0,1.0,0,1.0,1.0,free_flow
2026-04-03T23:41:39.138980+00:00,neuperlach,48.0996,11.6302,23,41,4,0,FRC3,29.0,29.0,81.0,81.0,1.0,0,1.0,1.0,free_flow
2026-04-03T23:41:39.661655+00:00,mittlerer_ring,48.12,11.55,23,41,4,0,FRC2,25.0,25.0,111.0,111.0,1.0,0,1.0,1.0,free_flow
2026-04-03T23:46:35.893766+00:00,marienplatz,48.1374,11.5755,23,46,4,0,FRC2,26.0,26.0,84.0,84.0,1.0,0,1.0,1.0,free_flow
2026-04-03T23:46:36.420764+00:00,schwabing,48.1642,11.5811,23,46,4,0,FRC3,20.0,26.0,95.0,73.0,0.99,0,0.7692,1.3014,moderate
2026-04-03T23:46:36.949122+00:00,sendlinger_tor,48.1339,11.5668,23,46,4,0,FRC2,25.0,25.0,69.0,69.0,1.0,0,1.0,1.0,free_flow
2026-04-03T23:46:37.465960+00:00,a9_north,48.22,11.61,23,46,4,0,FRC0,129.0,129.0,73.0,73.0,1.0,0,1.0,1.0,free_flow
2026-04-03T23:46:37.987291+00:00,a8_east,48.12,11.75,23,46,4,0,FRC4,65.0,65.0,130.0,130.0,1.0,0,1.0,1.0,free_flow
2026-04-03T23:46:38.504232+00:00,pasing,48.1497,11.4617,23,46,4,0,FRC1,38.0,38.0,129.0,129.0,1.0,0,1.0,1.0,free_flow
2026-04-03T23:46:39.031262+00:00,neuperlach,48.0996,11.6302,23,46,4,0,FRC3,29.0,29.0,81.0,81.0,1.0,0,1.0,1.0,free_flow
2026-04-03T23:46:39.559237+00:00,mittlerer_ring,48.12,11.55,23,46,4,0,FRC2,25.0,25.0,111.0,111.0,1.0,0,1.0,1.0,free_flow
2026-04-03T23:51:35.902025+00:00,marienplatz,48.1374,11.5755,23,51,4,0,FRC2,26.0,26.0,84.0,84.0,1.0,0,1.0,1.0,free_flow
2026-04-03T23:51:36.472275+00:00,schwabing,48.1642,11.5811,23,51,4,0,FRC3,19.0,25.0,100.0,76.0,0.99,0,0.76,1.3158,moderate
2026-04-03T23:51:36.996022+00:00,sendlinger_tor,48.1339,11.5668,23,51,4,0,FRC2,25.0,25.0,69.0,69.0,1.0,0,1.0,1.0,free_flow
2026-04-03T23:51:37.526825+00:00,a9_north,48.22,11.61,23,51,4,0,FRC0,129.0,129.0,73.0,73.0,1.0,0,1.0,1.0,free_flow
2026-04-03T23:51:38.059446+00:00,a8_east,48.12,11.75,23,51,4,0,FRC4,65.0,65.0,130.0,130.0,1.0,0,1.0,1.0,free_flow
2026-04-03T23:51:38.584028+00:00,pasing,48.1497,11.4617,23,51,4,0,FRC1,38.0,38.0,129.0,129.0,1.0,0,1.0,1.0,free_flow
2026-04-03T23:51:39.106077+00:00,neuperlach,48.0996,11.6302,23,51,4,0,FRC3,29.0,29.0,81.0,81.0,1.0,0,1.0,1.0,free_flow
2026-04-03T23:51:39.623676+00:00,mittlerer_ring,48.12,11.55,23,51,4,0,FRC2,25.0,25.0,111.0,111.0,1.0,0,1.0,1.0,free_flow
2026-04-03T23:56:35.894813+00:00,marienplatz,48.1374,11.5755,23,56,4,0,FRC2,26.0,26.0,84.0,84.0,1.0,0,1.0,1.0,free_flow
2026-04-03T23:56:36.416110+00:00,schwabing,48.1642,11.5811,23,56,4,0,FRC3,26.0,26.0,73.0,73.0,1.0,0,1.0,1.0,free_flow
2026-04-03T23:56:36.950019+00:00,sendlinger_tor,48.1339,11.5668,23,56,4,0,FRC2,25.0,25.0,69.0,69.0,1.0,0,1.0,1.0,free_flow
2026-04-03T23:56:37.479435+00:00,a9_north,48.22,11.61,23,56,4,0,FRC0,129.0,129.0,73.0,73.0,1.0,0,1.0,1.0,free_flow
2026-04-03T23:56:38.008335+00:00,a8_east,48.12,11.75,23,56,4,0,FRC4,65.0,65.0,130.0,130.0,1.0,0,1.0,1.0,free_flow
2026-04-03T23:56:38.543766+00:00,pasing,48.1497,11.4617,23,56,4,0,FRC1,38.0,38.0,129.0,129.0,1.0,0,1.0,1.0,free_flow
2026-04-03T23:56:39.077114+00:00,neuperlach,48.0996,11.6302,23,56,4,0,FRC3,29.0,29.0,81.0,81.0,1.0,0,1.0,1.0,free_flow
2026-04-03T23:56:39.600338+00:00,mittlerer_ring,48.12,11.55,23,56,4,0,FRC2,25.0,25.0,111.0,111.0,1.0,0,1.0,1.0,free_flow
2026-04-04T00:01:35.895343+00:00,marienplatz,48.1374,11.5755,0,1,5,1,FRC2,26.0,26.0,84.0,84.0,1.0,0,1.0,1.0,free_flow
2026-04-04T00:01:36.435601+00:00,schwabing,48.1642,11.5811,0,1,5,1,FRC3,26.0,26.0,73.0,73.0,1.0,0,1.0,1.0,free_flow
2026-04-04T00:01:36.954939+00:00,sendlinger_tor,48.1339,11.5668,0,1,5,1,FRC2,25.0,25.0,69.0,69.0,1.0,0,1.0,1.0,free_flow
2026-04-04T00:01:37.479386+00:00,a9_north,48.22,11.61,0,1,5,1,FRC0,129.0,129.0,73.0,73.0,1.0,0,1.0,1.0,free_flow
2026-04-04T00:01:38.001087+00:00,a8_east,48.12,11.75,0,1,5,1,FRC4,65.0,65.0,130.0,130.0,1.0,0,1.0,1.0,free_flow
2026-04-04T00:01:38.528224+00:00,pasing,48.1497,11.4617,0,1,5,1,FRC1,38.0,38.0,129.0,129.0,1.0,0,1.0,1.0,free_flow
2026-04-04T00:01:39.048100+00:00,neuperlach,48.0996,11.6302,0,1,5,1,FRC3,29.0,29.0,81.0,81.0,1.0,0,1.0,1.0,free_flow
2026-04-04T00:01:39.586274+00:00,mittlerer_ring,48.12,11.55,0,1,5,1,FRC2,25.0,25.0,111.0,111.0,1.0,0,1.0,1.0,free_flow
2026-04-04T00:06:35.888863+00:00,marienplatz,48.1374,11.5755,0,6,5,1,FRC2,26.0,26.0,84.0,84.0,1.0,0,1.0,1.0,free_flow
2026-04-04T00:06:36.412551+00:00,schwabing,48.1642,11.5811,0,6,5,1,FRC3,26.0,26.0,73.0,73.0,1.0,0,1.0,1.0,free_flow
2026-04-04T00:06:36.941810+00:00,sendlinger_tor,48.1339,11.5668,0,6,5,1,FRC2,16.0,28.0,108.0,62.0,1.0,0,0.5714,1.7419,congested
2026-04-04T00:06:37.458195+00:00,a9_north,48.22,11.61,0,6,5,1,FRC0,129.0,129.0,73.0,73.0,1.0,0,1.0,1.0,free_flow
2026-04-04T00:06:37.986375+00:00,a8_east,48.12,11.75,0,6,5,1,FRC4,65.0,65.0,130.0,130.0,1.0,0,1.0,1.0,free_flow
2026-04-04T00:06:38.504817+00:00,pasing,48.1497,11.4617,0,6,5,1,FRC1,38.0,38.0,129.0,129.0,1.0,0,1.0,1.0,free_flow
2026-04-04T00:06:39.028879+00:00,neuperlach,48.0996,11.6302,0,6,5,1,FRC3,29.0,29.0,81.0,81.0,1.0,0,1.0,1.0,free_flow
2026-04-04T00:06:39.556247+00:00,mittlerer_ring,48.12,11.55,0,6,5,1,FRC2,25.0,25.0,111.0,111.0,1.0,0,1.0,1.0,free_flow
2026-04-04T00:11:35.910931+00:00,marienplatz,48.1374,11.5755,0,11,5,1,FRC2,26.0,26.0,84.0,84.0,1.0,0,1.0,1.0,free_flow
2026-04-04T00:11:36.437784+00:00,schwabing,48.1642,11.5811,0,11,5,1,FRC3,26.0,26.0,73.0,73.0,1.0,0,1.0,1.0,free_flow
2026-04-04T00:11:36.960300+00:00,sendlinger_tor,48.1339,11.5668,0,11,5,1,FRC2,25.0,25.0,69.0,69.0,1.0,0,1.0,1.0,free_flow
2026-04-04T00:11:37.480939+00:00,a9_north,48.22,11.61,0,11,5,1,FRC0,129.0,129.0,73.0,73.0,1.0,0,1.0,1.0,free_flow
2026-04-04T00:11:38.014208+00:00,a8_east,48.12,11.75,0,11,5,1,FRC4,65.0,65.0,130.0,130.0,1.0,0,1.0,1.0,free_flow
2026-04-04T00:11:38.537272+00:00,pasing,48.1497,11.4617,0,11,5,1,FRC1,38.0,38.0,129.0,129.0,1.0,0,1.0,1.0,free_flow
2026-04-04T00:11:39.058808+00:00,neuperlach,48.0996,11.6302,0,11,5,1,FRC3,29.0,29.0,81.0,81.0,1.0,0,1.0,1.0,free_flow
2026-04-04T00:11:39.604023+00:00,mittlerer_ring,48.12,11.55,0,11,5,1,FRC2,25.0,25.0,111.0,111.0,1.0,0,1.0,1.0,free_flow
2026-04-04T00:16:35.905389+00:00,marienplatz,48.1374,11.5755,0,16,5,1,FRC2,26.0,26.0,84.0,84.0,1.0,0,1.0,1.0,free_flow
2026-04-04T00:16:36.425137+00:00,schwabing,48.1642,11.5811,0,16,5,1,FRC3,26.0,26.0,73.0,73.0,1.0,0,1.0,1.0,free_flow
2026-04-04T00:16:37.025621+00:00,sendlinger_tor,48.1339,11.5668,0,16,5,1,FRC2,25.0,25.0,69.0,69.0,1.0,0,1.0,1.0,free_flow
2026-04-04T00:16:37.554654+00:00,a9_north,48.22,11.61,0,16,5,1,FRC0,129.0,129.0,73.0,73.0,1.0,0,1.0,1.0,free_flow
2026-04-04T00:16:38.071830+00:00,a8_east,48.12,11.75,0,16,5,1,FRC4,65.0,65.0,130.0,130.0,1.0,0,1.0,1.0,free_flow
2026-04-04T00:16:38.594043+00:00,pasing,48.1497,11.4617,0,16,5,1,FRC1,38.0,38.0,129.0,129.0,1.0,0,1.0,1.0,free_flow
2026-04-04T00:16:39.123790+00:00,neuperlach,48.0996,11.6302,0,16,5,1,FRC3,29.0,29.0,81.0,81.0,1.0,0,1.0,1.0,free_flow
2026-04-04T00:16:39.647648+00:00,mittlerer_ring,48.12,11.55,0,16,5,1,FRC2,25.0,25.0,111.0,111.0,1.0,0,1.0,1.0,free_flow
2026-04-04T00:21:35.911201+00:00,marienplatz,48.1374,11.5755,0,21,5,1,FRC2,26.0,26.0,84.0,84.0,1.0,0,1.0,1.0,free_flow
2026-04-04T00:21:36.440179+00:00,schwabing,48.1642,11.5811,0,21,5,1,FRC3,26.0,26.0,73.0,73.0,1.0,0,1.0,1.0,free_flow
2026-04-04T00:21:36.966828+00:00,sendlinger_tor,48.1339,11.5668,0,21,5,1,FRC2,25.0,25.0,69.0,69.0,1.0,0,1.0,1.0,free_flow
2026-04-04T00:21:37.486593+00:00,a9_north,48.22,11.61,0,21,5,1,FRC0,129.0,129.0,73.0,73.0,1.0,0,1.0,1.0,free_flow
2026-04-04T00:21:38.006615+00:00,a8_east,48.12,11.75,0,21,5,1,FRC4,65.0,65.0,130.0,130.0,1.0,0,1.0,1.0,free_flow
2026-04-04T00:21:38.526656+00:00,pasing,48.1497,11.4617,0,21,5,1,FRC1,38.0,38.0,129.0,129.0,1.0,0,1.0,1.0,free_flow
2026-04-04T00:21:39.045201+00:00,neuperlach,48.0996,11.6302,0,21,5,1,FRC3,29.0,29.0,81.0,81.0,1.0,0,1.0,1.0,free_flow
2026-04-04T00:21:39.579519+00:00,mittlerer_ring,48.12,11.55,0,21,5,1,FRC2,25.0,25.0,111.0,111.0,1.0,0,1.0,1.0,free_flow
2026-04-04T00:26:35.916647+00:00,marienplatz,48.1374,11.5755,0,26,5,1,FRC2,26.0,26.0,84.0,84.0,1.0,0,1.0,1.0,free_flow
2026-04-04T00:26:36.436853+00:00,schwabing,48.1642,11.5811,0,26,5,1,FRC3,26.0,26.0,73.0,73.0,1.0,0,1.0,1.0,free_flow
2026-04-04T00:26:36.956460+00:00,sendlinger_tor,48.1339,11.5668,0,26,5,1,FRC2,25.0,25.0,69.0,69.0,1.0,0,1.0,1.0,free_flow
2026-04-04T00:26:37.479512+00:00,a9_north,48.22,11.61,0,26,5,1,FRC0,129.0,129.0,73.0,73.0,1.0,0,1.0,1.0,free_flow
2026-04-04T00:26:37.999940+00:00,a8_east,48.12,11.75,0,26,5,1,FRC4,65.0,65.0,130.0,130.0,1.0,0,1.0,1.0,free_flow
2026-04-04T00:26:38.521342+00:00,pasing,48.1497,11.4617,0,26,5,1,FRC1,38.0,38.0,129.0,129.0,1.0,0,1.0,1.0,free_flow
2026-04-04T00:26:39.050385+00:00,neuperlach,48.0996,11.6302,0,26,5,1,FRC3,29.0,29.0,81.0,81.0,1.0,0,1.0,1.0,free_flow
2026-04-04T00:26:39.579419+00:00,mittlerer_ring,48.12,11.55,0,26,5,1,FRC2,25.0,25.0,111.0,111.0,1.0,0,1.0,1.0,free_flow
2026-04-04T00:31:35.900026+00:00,marienplatz,48.1374,11.5755,0,31,5,1,FRC2,26.0,26.0,84.0,84.0,1.0,0,1.0,1.0,free_flow
2026-04-04T00:31:36.429217+00:00,schwabing,48.1642,11.5811,0,31,5,1,FRC3,26.0,26.0,73.0,73.0,1.0,0,1.0,1.0,free_flow
2026-04-04T00:31:36.955629+00:00,sendlinger_tor,48.1339,11.5668,0,31,5,1,FRC2,25.0,25.0,69.0,69.0,1.0,0,1.0,1.0,free_flow
2026-04-04T00:31:37.494620+00:00,a9_north,48.22,11.61,0,31,5,1,FRC0,129.0,129.0,73.0,73.0,1.0,0,1.0,1.0,free_flow
2026-04-04T00:31:38.032655+00:00,a8_east,48.12,11.75,0,31,5,1,FRC4,65.0,65.0,130.0,130.0,1.0,0,1.0,1.0,free_flow
2026-04-04T00:31:38.558511+00:00,pasing,48.1497,11.4617,0,31,5,1,FRC1,38.0,38.0,129.0,129.0,1.0,0,1.0,1.0,free_flow
2026-04-04T00:31:39.098942+00:00,neuperlach,48.0996,11.6302,0,31,5,1,FRC3,29.0,29.0,81.0,81.0,1.0,0,1.0,1.0,free_flow
2026-04-04T00:31:39.631758+00:00,mittlerer_ring,48.12,11.55,0,31,5,1,FRC2,25.0,25.0,111.0,111.0,1.0,0,1.0,1.0,free_flow
2026-04-04T00:36:35.891046+00:00,marienplatz,48.1374,11.5755,0,36,5,1,FRC2,26.0,26.0,84.0,84.0,1.0,0,1.0,1.0,free_flow
2026-04-04T00:36:36.415721+00:00,schwabing,48.1642,11.5811,0,36,5,1,FRC3,26.0,26.0,73.0,73.0,1.0,0,1.0,1.0,free_flow
2026-04-04T00:36:36.932963+00:00,sendlinger_tor,48.1339,11.5668,0,36,5,1,FRC2,25.0,25.0,69.0,69.0,1.0,0,1.0,1.0,free_flow
2026-04-04T00:36:37.455813+00:00,a9_north,48.22,11.61,0,36,5,1,FRC0,129.0,129.0,73.0,73.0,1.0,0,1.0,1.0,free_flow
2026-04-04T00:36:37.978224+00:00,a8_east,48.12,11.75,0,36,5,1,FRC4,65.0,65.0,130.0,130.0,1.0,0,1.0,1.0,free_flow
2026-04-04T00:36:38.493786+00:00,pasing,48.1497,11.4617,0,36,5,1,FRC1,38.0,38.0,129.0,129.0,1.0,0,1.0,1.0,free_flow
2026-04-04T00:36:39.010418+00:00,neuperlach,48.0996,11.6302,0,36,5,1,FRC3,29.0,29.0,81.0,81.0,1.0,0,1.0,1.0,free_flow
2026-04-04T00:36:39.545905+00:00,mittlerer_ring,48.12,11.55,0,36,5,1,FRC2,25.0,25.0,111.0,111.0,1.0,0,1.0,1.0,free_flow
2026-04-04T00:41:35.925695+00:00,marienplatz,48.1374,11.5755,0,41,5,1,FRC2,26.0,26.0,84.0,84.0,1.0,0,1.0,1.0,free_flow
2026-04-04T00:41:36.456873+00:00,schwabing,48.1642,11.5811,0,41,5,1,FRC3,26.0,26.0,73.0,73.0,1.0,0,1.0,1.0,free_flow
2026-04-04T00:41:36.974175+00:00,sendlinger_tor,48.1339,11.5668,0,41,5,1,FRC2,25.0,25.0,69.0,69.0,1.0,0,1.0,1.0,free_flow
2026-04-04T00:41:37.498954+00:00,a9_north,48.22,11.61,0,41,5,1,FRC0,129.0,129.0,73.0,73.0,1.0,0,1.0,1.0,free_flow
2026-04-04T00:41:38.033811+00:00,a8_east,48.12,11.75,0,41,5,1,FRC4,65.0,65.0,130.0,130.0,1.0,0,1.0,1.0,free_flow
2026-04-04T00:41:38.558928+00:00,pasing,48.1497,11.4617,0,41,5,1,FRC1,38.0,38.0,129.0,129.0,1.0,0,1.0,1.0,free_flow
2026-04-04T00:41:39.076605+00:00,neuperlach,48.0996,11.6302,0,41,5,1,FRC3,29.0,29.0,81.0,81.0,1.0,0,1.0,1.0,free_flow
2026-04-04T00:41:39.598046+00:00,mittlerer_ring,48.12,11.55,0,41,5,1,FRC2,25.0,25.0,111.0,111.0,1.0,0,1.0,1.0,free_flow
2026-04-04T00:46:35.889027+00:00,marienplatz,48.1374,11.5755,0,46,5,1,FRC2,26.0,26.0,84.0,84.0,1.0,0,1.0,1.0,free_flow
2026-04-04T00:46:36.411601+00:00,schwabing,48.1642,11.5811,0,46,5,1,FRC3,26.0,26.0,73.0,73.0,1.0,0,1.0,1.0,free_flow
2026-04-04T00:46:36.930565+00:00,sendlinger_tor,48.1339,11.5668,0,46,5,1,FRC2,25.0,25.0,69.0,69.0,1.0,0,1.0,1.0,free_flow
2026-04-04T00:46:37.459427+00:00,a9_north,48.22,11.61,0,46,5,1,FRC0,129.0,129.0,73.0,73.0,1.0,0,1.0,1.0,free_flow
2026-04-04T00:46:37.981319+00:00,a8_east,48.12,11.75,0,46,5,1,FRC4,65.0,65.0,130.0,130.0,1.0,0,1.0,1.0,free_flow
2026-04-04T00:46:38.514390+00:00,pasing,48.1497,11.4617,0,46,5,1,FRC1,38.0,38.0,129.0,129.0,1.0,0,1.0,1.0,free_flow
2026-04-04T00:46:39.032449+00:00,neuperlach,48.0996,11.6302,0,46,5,1,FRC3,29.0,29.0,81.0,81.0,1.0,0,1.0,1.0,free_flow
2026-04-04T00:46:39.557228+00:00,mittlerer_ring,48.12,11.55,0,46,5,1,FRC2,25.0,25.0,111.0,111.0,1.0,0,1.0,1.0,free_flow
2026-04-04T00:51:35.895446+00:00,marienplatz,48.1374,11.5755,0,51,5,1,FRC2,26.0,26.0,84.0,84.0,1.0,0,1.0,1.0,free_flow
2026-04-04T00:51:36.427894+00:00,schwabing,48.1642,11.5811,0,51,5,1,FRC3,26.0,26.0,73.0,73.0,1.0,0,1.0,1.0,free_flow
2026-04-04T00:51:36.958362+00:00,sendlinger_tor,48.1339,11.5668,0,51,5,1,FRC2,25.0,25.0,69.0,69.0,1.0,0,1.0,1.0,free_flow
2026-04-04T00:51:37.476632+00:00,a9_north,48.22,11.61,0,51,5,1,FRC0,129.0,129.0,73.0,73.0,1.0,0,1.0,1.0,free_flow
2026-04-04T00:51:37.998452+00:00,a8_east,48.12,11.75,0,51,5,1,FRC4,65.0,65.0,130.0,130.0,1.0,0,1.0,1.0,free_flow
2026-04-04T00:51:38.519894+00:00,pasing,48.1497,11.4617,0,51,5,1,FRC1,38.0,38.0,129.0,129.0,1.0,0,1.0,1.0,free_flow
2026-04-04T00:51:39.068375+00:00,neuperlach,48.0996,11.6302,0,51,5,1,FRC3,29.0,29.0,81.0,81.0,1.0,0,1.0,1.0,free_flow
2026-04-04T00:51:39.597715+00:00,mittlerer_ring,48.12,11.55,0,51,5,1,FRC2,25.0,25.0,111.0,111.0,1.0,0,1.0,1.0,free_flow
2026-04-04T00:56:35.907716+00:00,marienplatz,48.1374,11.5755,0,56,5,1,FRC2,26.0,26.0,84.0,84.0,1.0,0,1.0,1.0,free_flow
2026-04-04T00:56:36.425954+00:00,schwabing,48.1642,11.5811,0,56,5,1,FRC3,26.0,26.0,73.0,73.0,1.0,0,1.0,1.0,free_flow
2026-04-04T00:56:36.954767+00:00,sendlinger_tor,48.1339,11.5668,0,56,5,1,FRC2,25.0,25.0,69.0,69.0,1.0,0,1.0,1.0,free_flow
2026-04-04T00:56:37.476530+00:00,a9_north,48.22,11.61,0,56,5,1,FRC0,129.0,129.0,73.0,73.0,1.0,0,1.0,1.0,free_flow
2026-04-04T00:56:37.997787+00:00,a8_east,48.12,11.75,0,56,5,1,FRC4,65.0,65.0,130.0,130.0,1.0,0,1.0,1.0,free_flow
2026-04-04T00:56:38.518728+00:00,pasing,48.1497,11.4617,0,56,5,1,FRC1,38.0,38.0,129.0,129.0,1.0,0,1.0,1.0,free_flow
2026-04-04T00:56:39.051987+00:00,neuperlach,48.0996,11.6302,0,56,5,1,FRC3,29.0,29.0,81.0,81.0,1.0,0,1.0,1.0,free_flow
2026-04-04T00:56:39.569778+00:00,mittlerer_ring,48.12,11.55,0,56,5,1,FRC2,23.0,27.0,120.0,102.0,0.673206,0,0.8519,1.1765,free_flow
2026-04-04T01:01:35.911971+00:00,marienplatz,48.1374,11.5755,1,1,5,1,FRC2,26.0,26.0,84.0,84.0,1.0,0,1.0,1.0,free_flow
2026-04-04T01:01:36.432405+00:00,schwabing,48.1642,11.5811,1,1,5,1,FRC3,26.0,26.0,73.0,73.0,1.0,0,1.0,1.0,free_flow
2026-04-04T01:01:36.958209+00:00,sendlinger_tor,48.1339,11.5668,1,1,5,1,FRC2,21.0,28.0,82.0,62.0,1.0,0,0.75,1.3226,moderate
2026-04-04T01:01:37.482756+00:00,a9_north,48.22,11.61,1,1,5,1,FRC0,129.0,129.0,73.0,73.0,1.0,0,1.0,1.0,free_flow
2026-04-04T01:01:38.005619+00:00,a8_east,48.12,11.75,1,1,5,1,FRC4,65.0,65.0,130.0,130.0,1.0,0,1.0,1.0,free_flow
2026-04-04T01:01:38.528788+00:00,pasing,48.1497,11.4617,1,1,5,1,FRC1,38.0,38.0,129.0,129.0,1.0,0,1.0,1.0,free_flow
2026-04-04T01:01:39.043659+00:00,neuperlach,48.0996,11.6302,1,1,5,1,FRC3,29.0,29.0,81.0,81.0,1.0,0,1.0,1.0,free_flow
2026-04-04T01:01:39.562967+00:00,mittlerer_ring,48.12,11.55,1,1,5,1,FRC2,23.0,27.0,120.0,102.0,0.632498,0,0.8519,1.1765,free_flow
2026-04-04T01:06:35.901215+00:00,marienplatz,48.1374,11.5755,1,6,5,1,FRC2,26.0,26.0,84.0,84.0,1.0,0,1.0,1.0,free_flow
2026-04-04T01:06:36.418694+00:00,schwabing,48.1642,11.5811,1,6,5,1,FRC3,26.0,26.0,73.0,73.0,1.0,0,1.0,1.0,free_flow
2026-04-04T01:06:36.947745+00:00,sendlinger_tor,48.1339,11.5668,1,6,5,1,FRC2,25.0,25.0,69.0,69.0,1.0,0,1.0,1.0,free_flow
2026-04-04T01:06:37.468840+00:00,a9_north,48.22,11.61,1,6,5,1,FRC0,129.0,129.0,73.0,73.0,1.0,0,1.0,1.0,free_flow
2026-04-04T01:06:37.995857+00:00,a8_east,48.12,11.75,1,6,5,1,FRC4,65.0,65.0,130.0,130.0,1.0,0,1.0,1.0,free_flow
2026-04-04T01:06:38.521131+00:00,pasing,48.1497,11.4617,1,6,5,1,FRC1,38.0,38.0,129.0,129.0,1.0,0,1.0,1.0,free_flow
2026-04-04T01:06:39.039237+00:00,neuperlach,48.0996,11.6302,1,6,5,1,FRC3,29.0,29.0,81.0,81.0,1.0,0,1.0,1.0,free_flow
2026-04-04T01:06:39.563204+00:00,mittlerer_ring,48.12,11.55,1,6,5,1,FRC2,23.0,27.0,120.0,102.0,0.632498,0,0.8519,1.1765,free_flow
2026-04-04T01:11:35.893853+00:00,marienplatz,48.1374,11.5755,1,11,5,1,FRC2,26.0,26.0,84.0,84.0,1.0,0,1.0,1.0,free_flow
2026-04-04T01:11:36.416792+00:00,schwabing,48.1642,11.5811,1,11,5,1,FRC3,26.0,26.0,73.0,73.0,1.0,0,1.0,1.0,free_flow
2026-04-04T01:11:36.942129+00:00,sendlinger_tor,48.1339,11.5668,1,11,5,1,FRC2,25.0,25.0,69.0,69.0,1.0,0,1.0,1.0,free_flow
2026-04-04T01:11:37.468339+00:00,a9_north,48.22,11.61,1,11,5,1,FRC0,129.0,129.0,73.0,73.0,1.0,0,1.0,1.0,free_flow
2026-04-04T01:11:37.994656+00:00,a8_east,48.12,11.75,1,11,5,1,FRC4,65.0,65.0,130.0,130.0,1.0,0,1.0,1.0,free_flow
2026-04-04T01:11:38.565547+00:00,pasing,48.1497,11.4617,1,11,5,1,FRC1,38.0,38.0,129.0,129.0,1.0,0,1.0,1.0,free_flow
2026-04-04T01:11:39.087553+00:00,neuperlach,48.0996,11.6302,1,11,5,1,FRC3,29.0,29.0,81.0,81.0,1.0,0,1.0,1.0,free_flow
2026-04-04T01:11:39.606554+00:00,mittlerer_ring,48.12,11.55,1,11,5,1,FRC2,23.0,27.0,120.0,102.0,0.676831,0,0.8519,1.1765,free_flow
2026-04-04T01:16:35.905039+00:00,marienplatz,48.1374,11.5755,1,16,5,1,FRC2,26.0,26.0,84.0,84.0,1.0,0,1.0,1.0,free_flow
2026-04-04T01:16:36.423407+00:00,schwabing,48.1642,11.5811,1,16,5,1,FRC3,26.0,26.0,73.0,73.0,1.0,0,1.0,1.0,free_flow
2026-04-04T01:16:36.948392+00:00,sendlinger_tor,48.1339,11.5668,1,16,5,1,FRC2,25.0,25.0,69.0,69.0,1.0,0,1.0,1.0,free_flow
2026-04-04T01:16:37.483982+00:00,a9_north,48.22,11.61,1,16,5,1,FRC0,129.0,129.0,73.0,73.0,1.0,0,1.0,1.0,free_flow
2026-04-04T01:16:38.006859+00:00,a8_east,48.12,11.75,1,16,5,1,FRC4,65.0,65.0,130.0,130.0,1.0,0,1.0,1.0,free_flow
2026-04-04T01:16:38.530905+00:00,pasing,48.1497,11.4617,1,16,5,1,FRC1,38.0,38.0,129.0,129.0,1.0,0,1.0,1.0,free_flow
2026-04-04T01:16:39.055032+00:00,neuperlach,48.0996,11.6302,1,16,5,1,FRC3,29.0,29.0,81.0,81.0,1.0,0,1.0,1.0,free_flow
2026-04-04T01:16:39.578620+00:00,mittlerer_ring,48.12,11.55,1,16,5,1,FRC2,23.0,27.0,120.0,102.0,0.626931,0,0.8519,1.1765,free_flow
2026-04-04T01:21:35.908059+00:00,marienplatz,48.1374,11.5755,1,21,5,1,FRC2,20.0,25.0,109.0,87.0,1.0,0,0.8,1.2529,moderate
2026-04-04T01:21:36.430112+00:00,schwabing,48.1642,11.5811,1,21,5,1,FRC3,26.0,26.0,73.0,73.0,1.0,0,1.0,1.0,free_flow
2026-04-04T01:21:36.948461+00:00,sendlinger_tor,48.1339,11.5668,1,21,5,1,FRC2,25.0,25.0,69.0,69.0,1.0,0,1.0,1.0,free_flow
2026-04-04T01:21:37.468918+00:00,a9_north,48.22,11.61,1,21,5,1,FRC0,129.0,129.0,73.0,73.0,1.0,0,1.0,1.0,free_flow
2026-04-04T01:21:37.983287+00:00,a8_east,48.12,11.75,1,21,5,1,FRC4,65.0,65.0,130.0,130.0,1.0,0,1.0,1.0,free_flow
2026-04-04T01:21:38.502553+00:00,pasing,48.1497,11.4617,1,21,5,1,FRC1,38.0,38.0,129.0,129.0,1.0,0,1.0,1.0,free_flow
2026-04-04T01:21:39.018468+00:00,neuperlach,48.0996,11.6302,1,21,5,1,FRC3,29.0,29.0,81.0,81.0,1.0,0,1.0,1.0,free_flow
2026-04-04T01:21:39.535656+00:00,mittlerer_ring,48.12,11.55,1,21,5,1,FRC2,25.0,25.0,111.0,111.0,1.0,0,1.0,1.0,free_flow
2026-04-04T01:26:35.911269+00:00,marienplatz,48.1374,11.5755,1,26,5,1,FRC2,26.0,26.0,84.0,84.0,1.0,0,1.0,1.0,free_flow
2026-04-04T01:26:36.438405+00:00,schwabing,48.1642,11.5811,1,26,5,1,FRC3,26.0,26.0,73.0,73.0,1.0,0,1.0,1.0,free_flow
2026-04-04T01:26:36.959337+00:00,sendlinger_tor,48.1339,11.5668,1,26,5,1,FRC2,25.0,25.0,69.0,69.0,1.0,0,1.0,1.0,free_flow
2026-04-04T01:26:37.478382+00:00,a9_north,48.22,11.61,1,26,5,1,FRC0,129.0,129.0,73.0,73.0,1.0,0,1.0,1.0,free_flow
2026-04-04T01:26:38.057289+00:00,a8_east,48.12,11.75,1,26,5,1,FRC4,65.0,65.0,130.0,130.0,1.0,0,1.0,1.0,free_flow
2026-04-04T01:26:38.585770+00:00,pasing,48.1497,11.4617,1,26,5,1,FRC1,38.0,38.0,129.0,129.0,1.0,0,1.0,1.0,free_flow
2026-04-04T01:26:39.104185+00:00,neuperlach,48.0996,11.6302,1,26,5,1,FRC3,29.0,29.0,81.0,81.0,1.0,0,1.0,1.0,free_flow
2026-04-04T01:26:39.625207+00:00,mittlerer_ring,48.12,11.55,1,26,5,1,FRC2,25.0,25.0,111.0,111.0,1.0,0,1.0,1.0,free_flow
2026-04-04T01:31:35.910391+00:00,marienplatz,48.1374,11.5755,1,31,5,1,FRC2,26.0,26.0,84.0,84.0,1.0,0,1.0,1.0,free_flow
2026-04-04T01:31:36.435540+00:00,schwabing,48.1642,11.5811,1,31,5,1,FRC3,26.0,26.0,73.0,73.0,1.0,0,1.0,1.0,free_flow
2026-04-04T01:31:36.970640+00:00,sendlinger_tor,48.1339,11.5668,1,31,5,1,FRC2,25.0,25.0,69.0,69.0,1.0,0,1.0,1.0,free_flow
2026-04-04T01:31:37.507677+00:00,a9_north,48.22,11.61,1,31,5,1,FRC0,129.0,129.0,73.0,73.0,1.0,0,1.0,1.0,free_flow
2026-04-04T01:31:38.033964+00:00,a8_east,48.12,11.75,1,31,5,1,FRC4,65.0,65.0,130.0,130.0,1.0,0,1.0,1.0,free_flow
2026-04-04T01:31:38.555338+00:00,pasing,48.1497,11.4617,1,31,5,1,FRC1,38.0,38.0,129.0,129.0,1.0,0,1.0,1.0,free_flow
2026-04-04T01:31:39.083173+00:00,neuperlach,48.0996,11.6302,1,31,5,1,FRC3,29.0,29.0,81.0,81.0,1.0,0,1.0,1.0,free_flow
2026-04-04T01:31:39.618634+00:00,mittlerer_ring,48.12,11.55,1,31,5,1,FRC2,25.0,25.0,111.0,111.0,1.0,0,1.0,1.0,free_flow
2026-04-04T01:36:35.923063+00:00,marienplatz,48.1374,11.5755,1,36,5,1,FRC2,26.0,26.0,84.0,84.0,1.0,0,1.0,1.0,free_flow
2026-04-04T01:36:36.439618+00:00,schwabing,48.1642,11.5811,1,36,5,1,FRC3,26.0,26.0,73.0,73.0,1.0,0,1.0,1.0,free_flow
2026-04-04T01:36:36.962330+00:00,sendlinger_tor,48.1339,11.5668,1,36,5,1,FRC2,25.0,25.0,69.0,69.0,1.0,0,1.0,1.0,free_flow
2026-04-04T01:36:37.497731+00:00,a9_north,48.22,11.61,1,36,5,1,FRC0,129.0,129.0,73.0,73.0,1.0,0,1.0,1.0,free_flow
2026-04-04T01:36:38.023549+00:00,a8_east,48.12,11.75,1,36,5,1,FRC4,65.0,65.0,130.0,130.0,1.0,0,1.0,1.0,free_flow
2026-04-04T01:36:38.548579+00:00,pasing,48.1497,11.4617,1,36,5,1,FRC1,38.0,38.0,129.0,129.0,1.0,0,1.0,1.0,free_flow
2026-04-04T01:36:39.087405+00:00,neuperlach,48.0996,11.6302,1,36,5,1,FRC3,29.0,29.0,81.0,81.0,1.0,0,1.0,1.0,free_flow
2026-04-04T01:36:39.636084+00:00,mittlerer_ring,48.12,11.55,1,36,5,1,FRC2,25.0,25.0,111.0,111.0,1.0,0,1.0,1.0,free_flow
2026-04-04T01:41:35.909020+00:00,marienplatz,48.1374,11.5755,1,41,5,1,FRC2,26.0,26.0,84.0,84.0,1.0,0,1.0,1.0,free_flow
2026-04-04T01:41:36.425847+00:00,schwabing,48.1642,11.5811,1,41,5,1,FRC3,26.0,26.0,73.0,73.0,1.0,0,1.0,1.0,free_flow
2026-04-04T01:41:36.944969+00:00,sendlinger_tor,48.1339,11.5668,1,41,5,1,FRC2,25.0,25.0,69.0,69.0,1.0,0,1.0,1.0,free_flow
2026-04-04T01:41:37.466721+00:00,a9_north,48.22,11.61,1,41,5,1,FRC0,129.0,129.0,73.0,73.0,1.0,0,1.0,1.0,free_flow
2026-04-04T01:41:37.982502+00:00,a8_east,48.12,11.75,1,41,5,1,FRC4,65.0,65.0,130.0,130.0,1.0,0,1.0,1.0,free_flow
2026-04-04T01:41:38.501155+00:00,pasing,48.1497,11.4617,1,41,5,1,FRC1,38.0,38.0,129.0,129.0,1.0,0,1.0,1.0,free_flow
2026-04-04T01:41:39.018535+00:00,neuperlach,48.0996,11.6302,1,41,5,1,FRC3,29.0,29.0,81.0,81.0,1.0,0,1.0,1.0,free_flow
2026-04-04T01:41:39.559375+00:00,mittlerer_ring,48.12,11.55,1,41,5,1,FRC2,25.0,25.0,111.0,111.0,1.0,0,1.0,1.0,free_flow
2026-04-04T01:46:35.898466+00:00,marienplatz,48.1374,11.5755,1,46,5,1,FRC2,26.0,26.0,84.0,84.0,1.0,0,1.0,1.0,free_flow
2026-04-04T01:46:36.417800+00:00,schwabing,48.1642,11.5811,1,46,5,1,FRC3,26.0,26.0,73.0,73.0,1.0,0,1.0,1.0,free_flow
2026-04-04T01:46:36.943751+00:00,sendlinger_tor,48.1339,11.5668,1,46,5,1,FRC2,25.0,25.0,69.0,69.0,1.0,0,1.0,1.0,free_flow
2026-04-04T01:46:37.462560+00:00,a9_north,48.22,11.61,1,46,5,1,FRC0,129.0,129.0,73.0,73.0,1.0,0,1.0,1.0,free_flow
2026-04-04T01:46:37.994535+00:00,a8_east,48.12,11.75,1,46,5,1,FRC4,65.0,65.0,130.0,130.0,1.0,0,1.0,1.0,free_flow
2026-04-04T01:46:38.523967+00:00,pasing,48.1497,11.4617,1,46,5,1,FRC1,38.0,38.0,129.0,129.0,1.0,0,1.0,1.0,free_flow
2026-04-04T01:46:39.051633+00:00,neuperlach,48.0996,11.6302,1,46,5,1,FRC3,29.0,29.0,81.0,81.0,1.0,0,1.0,1.0,free_flow
2026-04-04T01:46:39.577976+00:00,mittlerer_ring,48.12,11.55,1,46,5,1,FRC2,25.0,25.0,111.0,111.0,1.0,0,1.0,1.0,free_flow
2026-04-04T01:51:35.901155+00:00,marienplatz,48.1374,11.5755,1,51,5,1,FRC2,26.0,26.0,84.0,84.0,1.0,0,1.0,1.0,free_flow
2026-04-04T01:51:36.419017+00:00,schwabing,48.1642,11.5811,1,51,5,1,FRC3,26.0,26.0,73.0,73.0,1.0,0,1.0,1.0,free_flow
2026-04-04T01:51:36.936425+00:00,sendlinger_tor,48.1339,11.5668,1,51,5,1,FRC2,19.0,29.0,91.0,60.0,1.0,0,0.6552,1.5167,moderate
2026-04-04T01:51:37.464404+00:00,a9_north,48.22,11.61,1,51,5,1,FRC0,129.0,129.0,73.0,73.0,1.0,0,1.0,1.0,free_flow
2026-04-04T01:51:37.983731+00:00,a8_east,48.12,11.75,1,51,5,1,FRC4,65.0,65.0,130.0,130.0,1.0,0,1.0,1.0,free_flow
2026-04-04T01:51:38.507087+00:00,pasing,48.1497,11.4617,1,51,5,1,FRC1,38.0,38.0,129.0,129.0,1.0,0,1.0,1.0,free_flow
2026-04-04T01:51:39.027298+00:00,neuperlach,48.0996,11.6302,1,51,5,1,FRC3,29.0,29.0,81.0,81.0,1.0,0,1.0,1.0,free_flow
2026-04-04T01:51:39.556180+00:00,mittlerer_ring,48.12,11.55,1,51,5,1,FRC2,25.0,25.0,111.0,111.0,1.0,0,1.0,1.0,free_flow
2026-04-04T01:56:35.913754+00:00,marienplatz,48.1374,11.5755,1,56,5,1,FRC2,26.0,26.0,84.0,84.0,1.0,0,1.0,1.0,free_flow
2026-04-04T01:56:36.437729+00:00,schwabing,48.1642,11.5811,1,56,5,1,FRC3,26.0,26.0,73.0,73.0,1.0,0,1.0,1.0,free_flow
2026-04-04T01:56:36.962860+00:00,sendlinger_tor,48.1339,11.5668,1,56,5,1,FRC2,25.0,25.0,69.0,69.0,1.0,0,1.0,1.0,free_flow
2026-04-04T01:56:37.484102+00:00,a9_north,48.22,11.61,1,56,5,1,FRC0,129.0,129.0,73.0,73.0,1.0,0,1.0,1.0,free_flow
2026-04-04T01:56:38.001610+00:00,a8_east,48.12,11.75,1,56,5,1,FRC4,65.0,65.0,130.0,130.0,1.0,0,1.0,1.0,free_flow
2026-04-04T01:56:38.517557+00:00,pasing,48.1497,11.4617,1,56,5,1,FRC1,38.0,38.0,129.0,129.0,1.0,0,1.0,1.0,free_flow
2026-04-04T01:56:39.043508+00:00,neuperlach,48.0996,11.6302,1,56,5,1,FRC3,29.0,29.0,81.0,81.0,1.0,0,1.0,1.0,free_flow
2026-04-04T01:56:39.566108+00:00,mittlerer_ring,48.12,11.55,1,56,5,1,FRC2,25.0,25.0,111.0,111.0,1.0,0,1.0,1.0,free_flow
2026-04-04T02:01:35.915501+00:00,marienplatz,48.1374,11.5755,2,1,5,1,FRC2,26.0,26.0,84.0,84.0,1.0,0,1.0,1.0,free_flow
2026-04-04T02:01:36.451940+00:00,schwabing,48.1642,11.5811,2,1,5,1,FRC3,26.0,26.0,73.0,73.0,1.0,0,1.0,1.0,free_flow
2026-04-04T02:01:36.994078+00:00,sendlinger_tor,48.1339,11.5668,2,1,5,1,FRC2,25.0,25.0,69.0,69.0,1.0,0,1.0,1.0,free_flow
2026-04-04T02:01:37.513148+00:00,a9_north,48.22,11.61,2,1,5,1,FRC0,129.0,129.0,73.0,73.0,1.0,0,1.0,1.0,free_flow
2026-04-04T02:01:38.038132+00:00,a8_east,48.12,11.75,2,1,5,1,FRC4,65.0,65.0,130.0,130.0,1.0,0,1.0,1.0,free_flow
2026-04-04T02:01:38.552754+00:00,pasing,48.1497,11.4617,2,1,5,1,FRC1,38.0,38.0,129.0,129.0,1.0,0,1.0,1.0,free_flow
2026-04-04T02:01:39.089452+00:00,neuperlach,48.0996,11.6302,2,1,5,1,FRC3,29.0,29.0,81.0,81.0,1.0,0,1.0,1.0,free_flow
2026-04-04T02:01:39.606331+00:00,mittlerer_ring,48.12,11.55,2,1,5,1,FRC2,25.0,25.0,111.0,111.0,1.0,0,1.0,1.0,free_flow
2026-04-04T02:06:35.914810+00:00,marienplatz,48.1374,11.5755,2,6,5,1,FRC2,26.0,26.0,84.0,84.0,1.0,0,1.0,1.0,free_flow
2026-04-04T02:06:36.457515+00:00,schwabing,48.1642,11.5811,2,6,5,1,FRC3,26.0,26.0,73.0,73.0,1.0,0,1.0,1.0,free_flow
2026-04-04T02:06:36.976482+00:00,sendlinger_tor,48.1339,11.5668,2,6,5,1,FRC2,25.0,25.0,69.0,69.0,1.0,0,1.0,1.0,free_flow
2026-04-04T02:06:37.497618+00:00,a9_north,48.22,11.61,2,6,5,1,FRC0,129.0,129.0,73.0,73.0,1.0,0,1.0,1.0,free_flow
2026-04-04T02:06:38.018543+00:00,a8_east,48.12,11.75,2,6,5,1,FRC4,65.0,65.0,130.0,130.0,1.0,0,1.0,1.0,free_flow
2026-04-04T02:06:38.538692+00:00,pasing,48.1497,11.4617,2,6,5,1,FRC1,38.0,38.0,129.0,129.0,1.0,0,1.0,1.0,free_flow
2026-04-04T02:06:39.057545+00:00,neuperlach,48.0996,11.6302,2,6,5,1,FRC3,29.0,29.0,81.0,81.0,1.0,0,1.0,1.0,free_flow
2026-04-04T02:06:39.580288+00:00,mittlerer_ring,48.12,11.55,2,6,5,1,FRC2,25.0,25.0,111.0,111.0,1.0,0,1.0,1.0,free_flow
2026-04-04T02:11:35.936822+00:00,marienplatz,48.1374,11.5755,2,11,5,1,FRC2,26.0,26.0,84.0,84.0,1.0,0,1.0,1.0,free_flow
2026-04-04T02:11:36.463771+00:00,schwabing,48.1642,11.5811,2,11,5,1,FRC3,26.0,26.0,73.0,73.0,1.0,0,1.0,1.0,free_flow
2026-04-04T02:11:36.980254+00:00,sendlinger_tor,48.1339,11.5668,2,11,5,1,FRC2,25.0,25.0,69.0,69.0,1.0,0,1.0,1.0,free_flow
2026-04-04T02:11:37.508699+00:00,a9_north,48.22,11.61,2,11,5,1,FRC0,129.0,129.0,73.0,73.0,1.0,0,1.0,1.0,free_flow
2026-04-04T02:11:38.028280+00:00,a8_east,48.12,11.75,2,11,5,1,FRC4,65.0,65.0,130.0,130.0,1.0,0,1.0,1.0,free_flow
2026-04-04T02:11:38.550606+00:00,pasing,48.1497,11.4617,2,11,5,1,FRC1,38.0,38.0,129.0,129.0,1.0,0,1.0,1.0,free_flow
2026-04-04T02:11:39.068260+00:00,neuperlach,48.0996,11.6302,2,11,5,1,FRC3,29.0,29.0,81.0,81.0,1.0,0,1.0,1.0,free_flow
2026-04-04T02:11:39.583982+00:00,mittlerer_ring,48.12,11.55,2,11,5,1,FRC2,25.0,25.0,111.0,111.0,1.0,0,1.0,1.0,free_flow
2026-04-04T02:16:35.930673+00:00,marienplatz,48.1374,11.5755,2,16,5,1,FRC2,26.0,26.0,84.0,84.0,1.0,0,1.0,1.0,free_flow
2026-04-04T02:16:36.455642+00:00,schwabing,48.1642,11.5811,2,16,5,1,FRC3,26.0,26.0,73.0,73.0,1.0,0,1.0,1.0,free_flow
2026-04-04T02:16:36.979289+00:00,sendlinger_tor,48.1339,11.5668,2,16,5,1,FRC2,25.0,25.0,69.0,69.0,1.0,0,1.0,1.0,free_flow
2026-04-04T02:16:37.498503+00:00,a9_north,48.22,11.61,2,16,5,1,FRC0,129.0,129.0,73.0,73.0,1.0,0,1.0,1.0,free_flow
2026-04-04T02:16:38.023368+00:00,a8_east,48.12,11.75,2,16,5,1,FRC4,65.0,65.0,130.0,130.0,1.0,0,1.0,1.0,free_flow
2026-04-04T02:16:38.548540+00:00,pasing,48.1497,11.4617,2,16,5,1,FRC1,38.0,38.0,129.0,129.0,1.0,0,1.0,1.0,free_flow
2026-04-04T02:16:39.068762+00:00,neuperlach,48.0996,11.6302,2,16,5,1,FRC3,29.0,29.0,81.0,81.0,1.0,0,1.0,1.0,free_flow
2026-04-04T02:16:39.592513+00:00,mittlerer_ring,48.12,11.55,2,16,5,1,FRC2,25.0,25.0,111.0,111.0,1.0,0,1.0,1.0,free_flow
2026-04-04T02:21:35.909180+00:00,marienplatz,48.1374,11.5755,2,21,5,1,FRC2,26.0,26.0,84.0,84.0,1.0,0,1.0,1.0,free_flow
2026-04-04T02:21:36.440533+00:00,schwabing,48.1642,11.5811,2,21,5,1,FRC3,26.0,26.0,73.0,73.0,1.0,0,1.0,1.0,free_flow
2026-04-04T02:21:36.984545+00:00,sendlinger_tor,48.1339,11.5668,2,21,5,1,FRC2,25.0,25.0,69.0,69.0,1.0,0,1.0,1.0,free_flow
2026-04-04T02:21:37.504886+00:00,a9_north,48.22,11.61,2,21,5,1,FRC0,129.0,129.0,73.0,73.0,1.0,0,1.0,1.0,free_flow
2026-04-04T02:21:38.025626+00:00,a8_east,48.12,11.75,2,21,5,1,FRC4,65.0,65.0,130.0,130.0,1.0,0,1.0,1.0,free_flow
2026-04-04T02:21:38.572580+00:00,pasing,48.1497,11.4617,2,21,5,1,FRC1,38.0,38.0,129.0,129.0,1.0,0,1.0,1.0,free_flow
2026-04-04T02:21:39.092646+00:00,neuperlach,48.0996,11.6302,2,21,5,1,FRC3,29.0,29.0,81.0,81.0,1.0,0,1.0,1.0,free_flow
2026-04-04T02:21:39.616892+00:00,mittlerer_ring,48.12,11.55,2,21,5,1,FRC2,25.0,25.0,111.0,111.0,1.0,0,1.0,1.0,free_flow
2026-04-04T02:26:35.898326+00:00,marienplatz,48.1374,11.5755,2,26,5,1,FRC2,26.0,26.0,84.0,84.0,1.0,0,1.0,1.0,free_flow
2026-04-04T02:26:36.420642+00:00,schwabing,48.1642,11.5811,2,26,5,1,FRC3,26.0,26.0,73.0,73.0,1.0,0,1.0,1.0,free_flow
2026-04-04T02:26:36.944249+00:00,sendlinger_tor,48.1339,11.5668,2,26,5,1,FRC2,25.0,25.0,69.0,69.0,1.0,0,1.0,1.0,free_flow
2026-04-04T02:26:37.469826+00:00,a9_north,48.22,11.61,2,26,5,1,FRC0,129.0,129.0,73.0,73.0,1.0,0,1.0,1.0,free_flow
2026-04-04T02:26:38.009976+00:00,a8_east,48.12,11.75,2,26,5,1,FRC4,65.0,65.0,130.0,130.0,1.0,0,1.0,1.0,free_flow
2026-04-04T02:26:38.527195+00:00,pasing,48.1497,11.4617,2,26,5,1,FRC1,38.0,38.0,129.0,129.0,1.0,0,1.0,1.0,free_flow
2026-04-04T02:26:39.047305+00:00,neuperlach,48.0996,11.6302,2,26,5,1,FRC3,29.0,29.0,81.0,81.0,1.0,0,1.0,1.0,free_flow
2026-04-04T02:26:39.563846+00:00,mittlerer_ring,48.12,11.55,2,26,5,1,FRC2,25.0,25.0,111.0,111.0,1.0,0,1.0,1.0,free_flow
2026-04-04T02:31:35.901941+00:00,marienplatz,48.1374,11.5755,2,31,5,1,FRC2,26.0,26.0,84.0,84.0,1.0,0,1.0,1.0,free_flow
2026-04-04T02:31:36.415536+00:00,schwabing,48.1642,11.5811,2,31,5,1,FRC3,26.0,26.0,73.0,73.0,1.0,0,1.0,1.0,free_flow
2026-04-04T02:31:36.939860+00:00,sendlinger_tor,48.1339,11.5668,2,31,5,1,FRC2,25.0,25.0,69.0,69.0,1.0,0,1.0,1.0,free_flow
2026-04-04T02:31:37.461080+00:00,a9_north,48.22,11.61,2,31,5,1,FRC0,129.0,129.0,73.0,73.0,1.0,0,1.0,1.0,free_flow
2026-04-04T02:31:37.975311+00:00,a8_east,48.12,11.75,2,31,5,1,FRC4,65.0,65.0,130.0,130.0,1.0,0,1.0,1.0,free_flow
2026-04-04T02:31:38.501564+00:00,pasing,48.1497,11.4617,2,31,5,1,FRC1,38.0,38.0,129.0,129.0,1.0,0,1.0,1.0,free_flow
2026-04-04T02:31:39.027015+00:00,neuperlach,48.0996,11.6302,2,31,5,1,FRC3,29.0,29.0,81.0,81.0,1.0,0,1.0,1.0,free_flow
2026-04-04T02:31:39.546216+00:00,mittlerer_ring,48.12,11.55,2,31,5,1,FRC2,25.0,25.0,111.0,111.0,1.0,0,1.0,1.0,free_flow
2026-04-04T02:36:35.890636+00:00,marienplatz,48.1374,11.5755,2,36,5,1,FRC2,26.0,26.0,84.0,84.0,1.0,0,1.0,1.0,free_flow
2026-04-04T02:36:36.418090+00:00,schwabing,48.1642,11.5811,2,36,5,1,FRC3,26.0,26.0,73.0,73.0,1.0,0,1.0,1.0,free_flow
2026-04-04T02:36:36.936899+00:00,sendlinger_tor,48.1339,11.5668,2,36,5,1,FRC2,25.0,25.0,69.0,69.0,1.0,0,1.0,1.0,free_flow
2026-04-04T02:36:37.465284+00:00,a9_north,48.22,11.61,2,36,5,1,FRC0,129.0,129.0,73.0,73.0,1.0,0,1.0,1.0,free_flow
2026-04-04T02:36:37.987540+00:00,a8_east,48.12,11.75,2,36,5,1,FRC4,65.0,65.0,130.0,130.0,1.0,0,1.0,1.0,free_flow
2026-04-04T02:36:38.506565+00:00,pasing,48.1497,11.4617,2,36,5,1,FRC1,38.0,38.0,129.0,129.0,1.0,0,1.0,1.0,free_flow
2026-04-04T02:36:39.022351+00:00,neuperlach,48.0996,11.6302,2,36,5,1,FRC3,29.0,29.0,81.0,81.0,1.0,0,1.0,1.0,free_flow
2026-04-04T02:36:39.543252+00:00,mittlerer_ring,48.12,11.55,2,36,5,1,FRC2,25.0,25.0,111.0,111.0,1.0,0,1.0,1.0,free_flow
2026-04-04T02:41:35.916084+00:00,marienplatz,48.1374,11.5755,2,41,5,1,FRC2,20.0,26.0,109.0,84.0,1.0,0,0.7692,1.2976,moderate
2026-04-04T02:41:36.443462+00:00,schwabing,48.1642,11.5811,2,41,5,1,FRC3,26.0,26.0,73.0,73.0,1.0,0,1.0,1.0,free_flow
2026-04-04T02:41:36.962594+00:00,sendlinger_tor,48.1339,11.5668,2,41,5,1,FRC2,25.0,25.0,69.0,69.0,1.0,0,1.0,1.0,free_flow
2026-04-04T02:41:37.493888+00:00,a9_north,48.22,11.61,2,41,5,1,FRC0,129.0,129.0,73.0,73.0,1.0,0,1.0,1.0,free_flow
2026-04-04T02:41:38.018238+00:00,a8_east,48.12,11.75,2,41,5,1,FRC4,65.0,65.0,130.0,130.0,1.0,0,1.0,1.0,free_flow
2026-04-04T02:41:38.566115+00:00,pasing,48.1497,11.4617,2,41,5,1,FRC1,38.0,38.0,129.0,129.0,1.0,0,1.0,1.0,free_flow
2026-04-04T02:41:39.087153+00:00,neuperlach,48.0996,11.6302,2,41,5,1,FRC3,29.0,29.0,81.0,81.0,1.0,0,1.0,1.0,free_flow
2026-04-04T02:41:39.605579+00:00,mittlerer_ring,48.12,11.55,2,41,5,1,FRC2,25.0,25.0,111.0,111.0,1.0,0,1.0,1.0,free_flow
2026-04-04T02:46:35.909630+00:00,marienplatz,48.1374,11.5755,2,46,5,1,FRC2,26.0,26.0,84.0,84.0,1.0,0,1.0,1.0,free_flow
2026-04-04T02:46:36.432084+00:00,schwabing,48.1642,11.5811,2,46,5,1,FRC3,26.0,26.0,73.0,73.0,1.0,0,1.0,1.0,free_flow
2026-04-04T02:46:36.955293+00:00,sendlinger_tor,48.1339,11.5668,2,46,5,1,FRC2,25.0,25.0,69.0,69.0,1.0,0,1.0,1.0,free_flow
2026-04-04T02:46:37.492537+00:00,a9_north,48.22,11.61,2,46,5,1,FRC0,129.0,129.0,73.0,73.0,1.0,0,1.0,1.0,free_flow
2026-04-04T02:46:38.013955+00:00,a8_east,48.12,11.75,2,46,5,1,FRC4,65.0,65.0,130.0,130.0,1.0,0,1.0,1.0,free_flow
2026-04-04T02:46:38.535964+00:00,pasing,48.1497,11.4617,2,46,5,1,FRC1,38.0,38.0,129.0,129.0,1.0,0,1.0,1.0,free_flow
2026-04-04T02:46:39.059192+00:00,neuperlach,48.0996,11.6302,2,46,5,1,FRC3,29.0,29.0,81.0,81.0,1.0,0,1.0,1.0,free_flow
2026-04-04T02:46:39.587162+00:00,mittlerer_ring,48.12,11.55,2,46,5,1,FRC2,25.0,25.0,111.0,111.0,1.0,0,1.0,1.0,free_flow
2026-04-04T02:51:35.914223+00:00,marienplatz,48.1374,11.5755,2,51,5,1,FRC2,26.0,26.0,84.0,84.0,1.0,0,1.0,1.0,free_flow
2026-04-04T02:51:36.430966+00:00,schwabing,48.1642,11.5811,2,51,5,1,FRC3,26.0,26.0,73.0,73.0,1.0,0,1.0,1.0,free_flow
2026-04-04T02:51:36.962081+00:00,sendlinger_tor,48.1339,11.5668,2,51,5,1,FRC2,25.0,25.0,69.0,69.0,1.0,0,1.0,1.0,free_flow
2026-04-04T02:51:37.496163+00:00,a9_north,48.22,11.61,2,51,5,1,FRC0,129.0,129.0,73.0,73.0,1.0,0,1.0,1.0,free_flow
2026-04-04T02:51:38.013207+00:00,a8_east,48.12,11.75,2,51,5,1,FRC4,65.0,65.0,130.0,130.0,1.0,0,1.0,1.0,free_flow
2026-04-04T02:51:38.545753+00:00,pasing,48.1497,11.4617,2,51,5,1,FRC1,38.0,38.0,129.0,129.0,1.0,0,1.0,1.0,free_flow
2026-04-04T02:51:39.069279+00:00,neuperlach,48.0996,11.6302,2,51,5,1,FRC3,29.0,29.0,81.0,81.0,1.0,0,1.0,1.0,free_flow
2026-04-04T02:51:39.593131+00:00,mittlerer_ring,48.12,11.55,2,51,5,1,FRC2,25.0,25.0,111.0,111.0,1.0,0,1.0,1.0,free_flow
2026-04-04T02:56:35.908951+00:00,marienplatz,48.1374,11.5755,2,56,5,1,FRC2,26.0,26.0,84.0,84.0,1.0,0,1.0,1.0,free_flow
2026-04-04T02:56:36.450409+00:00,schwabing,48.1642,11.5811,2,56,5,1,FRC3,26.0,26.0,73.0,73.0,1.0,0,1.0,1.0,free_flow
2026-04-04T02:56:36.991617+00:00,sendlinger_tor,48.1339,11.5668,2,56,5,1,FRC2,25.0,25.0,69.0,69.0,1.0,0,1.0,1.0,free_flow
2026-04-04T02:56:37.518476+00:00,a9_north,48.22,11.61,2,56,5,1,FRC0,129.0,129.0,73.0,73.0,1.0,0,1.0,1.0,free_flow
2026-04-04T02:56:38.048726+00:00,a8_east,48.12,11.75,2,56,5,1,FRC4,65.0,65.0,130.0,130.0,1.0,0,1.0,1.0,free_flow
2026-04-04T02:56:38.569265+00:00,pasing,48.1497,11.4617,2,56,5,1,FRC1,38.0,38.0,129.0,129.0,1.0,0,1.0,1.0,free_flow
2026-04-04T02:56:39.086772+00:00,neuperlach,48.0996,11.6302,2,56,5,1,FRC3,29.0,29.0,81.0,81.0,1.0,0,1.0,1.0,free_flow
2026-04-04T02:56:39.604685+00:00,mittlerer_ring,48.12,11.55,2,56,5,1,FRC2,25.0,25.0,111.0,111.0,1.0,0,1.0,1.0,free_flow
2026-04-04T03:01:35.917709+00:00,marienplatz,48.1374,11.5755,3,1,5,1,FRC2,26.0,26.0,84.0,84.0,1.0,0,1.0,1.0,free_flow
2026-04-04T03:01:36.436897+00:00,schwabing,48.1642,11.5811,3,1,5,1,FRC3,26.0,26.0,73.0,73.0,1.0,0,1.0,1.0,free_flow
2026-04-04T03:01:36.964729+00:00,sendlinger_tor,48.1339,11.5668,3,1,5,1,FRC2,15.0,25.0,116.0,69.0,1.0,0,0.6,1.6812,moderate
2026-04-04T03:01:37.490491+00:00,a9_north,48.22,11.61,3,1,5,1,FRC0,129.0,129.0,73.0,73.0,1.0,0,1.0,1.0,free_flow
2026-04-04T03:01:38.033763+00:00,a8_east,48.12,11.75,3,1,5,1,FRC4,65.0,65.0,130.0,130.0,1.0,0,1.0,1.0,free_flow
2026-04-04T03:01:38.566529+00:00,pasing,48.1497,11.4617,3,1,5,1,FRC1,38.0,38.0,129.0,129.0,1.0,0,1.0,1.0,free_flow
2026-04-04T03:01:39.092306+00:00,neuperlach,48.0996,11.6302,3,1,5,1,FRC3,29.0,29.0,81.0,81.0,1.0,0,1.0,1.0,free_flow
2026-04-04T03:01:39.617722+00:00,mittlerer_ring,48.12,11.55,3,1,5,1,FRC2,25.0,25.0,111.0,111.0,1.0,0,1.0,1.0,free_flow
2026-04-04T03:06:35.914688+00:00,marienplatz,48.1374,11.5755,3,6,5,1,FRC2,26.0,26.0,84.0,84.0,1.0,0,1.0,1.0,free_flow
2026-04-04T03:06:36.435957+00:00,schwabing,48.1642,11.5811,3,6,5,1,FRC3,26.0,26.0,73.0,73.0,1.0,0,1.0,1.0,free_flow
2026-04-04T03:06:36.964152+00:00,sendlinger_tor,48.1339,11.5668,3,6,5,1,FRC2,16.0,24.0,108.0,72.0,1.0,0,0.6667,1.5,moderate
2026-04-04T03:06:37.489868+00:00,a9_north,48.22,11.61,3,6,5,1,FRC0,129.0,129.0,73.0,73.0,1.0,0,1.0,1.0,free_flow
2026-04-04T03:06:38.017337+00:00,a8_east,48.12,11.75,3,6,5,1,FRC4,65.0,65.0,130.0,130.0,1.0,0,1.0,1.0,free_flow
2026-04-04T03:06:38.545043+00:00,pasing,48.1497,11.4617,3,6,5,1,FRC1,38.0,38.0,129.0,129.0,1.0,0,1.0,1.0,free_flow
2026-04-04T03:06:39.074359+00:00,neuperlach,48.0996,11.6302,3,6,5,1,FRC3,29.0,29.0,81.0,81.0,1.0,0,1.0,1.0,free_flow
2026-04-04T03:06:39.603936+00:00,mittlerer_ring,48.12,11.55,3,6,5,1,FRC2,25.0,25.0,111.0,111.0,1.0,0,1.0,1.0,free_flow
2026-04-04T03:11:35.918672+00:00,marienplatz,48.1374,11.5755,3,11,5,1,FRC2,26.0,26.0,84.0,84.0,1.0,0,1.0,1.0,free_flow
2026-04-04T03:11:36.473135+00:00,schwabing,48.1642,11.5811,3,11,5,1,FRC3,26.0,26.0,73.0,73.0,1.0,0,1.0,1.0,free_flow
2026-04-04T03:11:36.999722+00:00,sendlinger_tor,48.1339,11.5668,3,11,5,1,FRC2,25.0,25.0,69.0,69.0,1.0,0,1.0,1.0,free_flow
2026-04-04T03:11:37.527314+00:00,a9_north,48.22,11.61,3,11,5,1,FRC0,129.0,129.0,73.0,73.0,1.0,0,1.0,1.0,free_flow
2026-04-04T03:11:38.043701+00:00,a8_east,48.12,11.75,3,11,5,1,FRC4,65.0,65.0,130.0,130.0,1.0,0,1.0,1.0,free_flow
2026-04-04T03:11:38.564778+00:00,pasing,48.1497,11.4617,3,11,5,1,FRC1,38.0,38.0,129.0,129.0,1.0,0,1.0,1.0,free_flow
2026-04-04T03:11:39.093832+00:00,neuperlach,48.0996,11.6302,3,11,5,1,FRC3,29.0,29.0,81.0,81.0,1.0,0,1.0,1.0,free_flow
2026-04-04T03:11:39.628144+00:00,mittlerer_ring,48.12,11.55,3,11,5,1,FRC2,25.0,25.0,111.0,111.0,1.0,0,1.0,1.0,free_flow
2026-04-04T03:16:35.922217+00:00,marienplatz,48.1374,11.5755,3,16,5,1,FRC2,26.0,26.0,84.0,84.0,1.0,0,1.0,1.0,free_flow
2026-04-04T03:16:36.443415+00:00,schwabing,48.1642,11.5811,3,16,5,1,FRC3,26.0,26.0,73.0,73.0,1.0,0,1.0,1.0,free_flow
2026-04-04T03:16:36.966051+00:00,sendlinger_tor,48.1339,11.5668,3,16,5,1,FRC2,25.0,25.0,69.0,69.0,1.0,0,1.0,1.0,free_flow
2026-04-04T03:16:37.486143+00:00,a9_north,48.22,11.61,3,16,5,1,FRC0,129.0,129.0,73.0,73.0,1.0,0,1.0,1.0,free_flow
2026-04-04T03:16:38.017856+00:00,a8_east,48.12,11.75,3,16,5,1,FRC4,65.0,65.0,130.0,130.0,1.0,0,1.0,1.0,free_flow
2026-04-04T03:16:38.539984+00:00,pasing,48.1497,11.4617,3,16,5,1,FRC1,38.0,38.0,129.0,129.0,1.0,0,1.0,1.0,free_flow
2026-04-04T03:16:39.062561+00:00,neuperlach,48.0996,11.6302,3,16,5,1,FRC3,29.0,29.0,81.0,81.0,1.0,0,1.0,1.0,free_flow
2026-04-04T03:16:39.583700+00:00,mittlerer_ring,48.12,11.55,3,16,5,1,FRC2,25.0,25.0,111.0,111.0,1.0,0,1.0,1.0,free_flow
2026-04-04T03:21:35.925521+00:00,marienplatz,48.1374,11.5755,3,21,5,1,FRC2,26.0,26.0,84.0,84.0,1.0,0,1.0,1.0,free_flow
2026-04-04T03:21:36.449981+00:00,schwabing,48.1642,11.5811,3,21,5,1,FRC3,26.0,26.0,73.0,73.0,1.0,0,1.0,1.0,free_flow
2026-04-04T03:21:36.968081+00:00,sendlinger_tor,48.1339,11.5668,3,21,5,1,FRC2,25.0,25.0,69.0,69.0,1.0,0,1.0,1.0,free_flow
2026-04-04T03:21:37.486403+00:00,a9_north,48.22,11.61,3,21,5,1,FRC0,129.0,129.0,73.0,73.0,1.0,0,1.0,1.0,free_flow
2026-04-04T03:21:38.007738+00:00,a8_east,48.12,11.75,3,21,5,1,FRC4,65.0,65.0,130.0,130.0,1.0,0,1.0,1.0,free_flow
2026-04-04T03:21:38.528882+00:00,pasing,48.1497,11.4617,3,21,5,1,FRC1,38.0,38.0,129.0,129.0,1.0,0,1.0,1.0,free_flow
2026-04-04T03:21:39.055575+00:00,neuperlach,48.0996,11.6302,3,21,5,1,FRC3,29.0,29.0,81.0,81.0,1.0,0,1.0,1.0,free_flow
2026-04-04T03:21:39.580022+00:00,mittlerer_ring,48.12,11.55,3,21,5,1,FRC2,25.0,25.0,111.0,111.0,1.0,0,1.0,1.0,free_flow
2026-04-04T03:26:35.915884+00:00,marienplatz,48.1374,11.5755,3,26,5,1,FRC2,26.0,26.0,84.0,84.0,1.0,0,1.0,1.0,free_flow
2026-04-04T03:26:36.440291+00:00,schwabing,48.1642,11.5811,3,26,5,1,FRC3,26.0,26.0,73.0,73.0,1.0,0,1.0,1.0,free_flow
2026-04-04T03:26:36.999706+00:00,sendlinger_tor,48.1339,11.5668,3,26,5,1,FRC2,25.0,25.0,69.0,69.0,1.0,0,1.0,1.0,free_flow
2026-04-04T03:26:37.529336+00:00,a9_north,48.22,11.61,3,26,5,1,FRC0,129.0,129.0,73.0,73.0,1.0,0,1.0,1.0,free_flow
2026-04-04T03:26:38.051791+00:00,a8_east,48.12,11.75,3,26,5,1,FRC4,65.0,65.0,130.0,130.0,1.0,0,1.0,1.0,free_flow
2026-04-04T03:26:38.579793+00:00,pasing,48.1497,11.4617,3,26,5,1,FRC1,38.0,38.0,129.0,129.0,1.0,0,1.0,1.0,free_flow
2026-04-04T03:26:39.098944+00:00,neuperlach,48.0996,11.6302,3,26,5,1,FRC3,29.0,29.0,81.0,81.0,1.0,0,1.0,1.0,free_flow
2026-04-04T03:26:39.631721+00:00,mittlerer_ring,48.12,11.55,3,26,5,1,FRC2,25.0,25.0,111.0,111.0,1.0,0,1.0,1.0,free_flow
2026-04-04T03:31:35.913648+00:00,marienplatz,48.1374,11.5755,3,31,5,1,FRC2,26.0,26.0,84.0,84.0,1.0,0,1.0,1.0,free_flow
2026-04-04T03:31:36.439160+00:00,schwabing,48.1642,11.5811,3,31,5,1,FRC3,26.0,26.0,73.0,73.0,1.0,0,1.0,1.0,free_flow
2026-04-04T03:31:36.970466+00:00,sendlinger_tor,48.1339,11.5668,3,31,5,1,FRC2,25.0,25.0,69.0,69.0,1.0,0,1.0,1.0,free_flow
2026-04-04T03:31:37.510694+00:00,a9_north,48.22,11.61,3,31,5,1,FRC0,129.0,129.0,73.0,73.0,1.0,0,1.0,1.0,free_flow
2026-04-04T03:31:38.032233+00:00,a8_east,48.12,11.75,3,31,5,1,FRC4,65.0,65.0,130.0,130.0,1.0,0,1.0,1.0,free_flow
2026-04-04T03:31:38.553355+00:00,pasing,48.1497,11.4617,3,31,5,1,FRC1,38.0,38.0,129.0,129.0,1.0,0,1.0,1.0,free_flow
2026-04-04T03:31:39.095178+00:00,neuperlach,48.0996,11.6302,3,31,5,1,FRC3,29.0,29.0,81.0,81.0,1.0,0,1.0,1.0,free_flow
2026-04-04T03:31:39.610233+00:00,mittlerer_ring,48.12,11.55,3,31,5,1,FRC2,25.0,25.0,111.0,111.0,1.0,0,1.0,1.0,free_flow
2026-04-04T03:36:35.913643+00:00,marienplatz,48.1374,11.5755,3,36,5,1,FRC2,26.0,26.0,84.0,84.0,1.0,0,1.0,1.0,free_flow
2026-04-04T03:36:36.431111+00:00,schwabing,48.1642,11.5811,3,36,5,1,FRC3,26.0,26.0,73.0,73.0,1.0,0,1.0,1.0,free_flow
2026-04-04T03:36:36.963479+00:00,sendlinger_tor,48.1339,11.5668,3,36,5,1,FRC2,25.0,25.0,69.0,69.0,1.0,0,1.0,1.0,free_flow
2026-04-04T03:36:37.488258+00:00,a9_north,48.22,11.61,3,36,5,1,FRC0,129.0,129.0,73.0,73.0,1.0,0,1.0,1.0,free_flow
2026-04-04T03:36:38.011904+00:00,a8_east,48.12,11.75,3,36,5,1,FRC4,65.0,65.0,130.0,130.0,1.0,0,1.0,1.0,free_flow
2026-04-04T03:36:38.527503+00:00,pasing,48.1497,11.4617,3,36,5,1,FRC1,38.0,38.0,129.0,129.0,1.0,0,1.0,1.0,free_flow
2026-04-04T03:36:39.049852+00:00,neuperlach,48.0996,11.6302,3,36,5,1,FRC3,29.0,29.0,81.0,81.0,1.0,0,1.0,1.0,free_flow
2026-04-04T03:36:39.567202+00:00,mittlerer_ring,48.12,11.55,3,36,5,1,FRC2,25.0,25.0,111.0,111.0,1.0,0,1.0,1.0,free_flow
